genes	human	bovine	goat	donkey	human_milk	bovine_milk	goat_milk
ABCG2	1	1	1	1	1	1	1
ABHD14B	1	1	1	1	0	1	1
ACO1	1	1	1	1	0	0	1
ACSL1	1	1	1	1	0	1	0
ACSS2	1	1	1	1	0	0	1
ACTN4	1	1	1	1	0	1	1
ACTR2	1	1	1	1	0	0	0
ACTR3	1	1	1	1	0	0	0
ADAM10	1	1	1	1	1	0	1
AKR1A1	1	1	1	1	1	1	1
ALB	1	1	1	1	1	1	1
ALDOA	1	1	1	1	1	1	1
ANXA1	1	1	1	1	0	0	0
ANXA11	1	1	1	1	0	0	0
ANXA2	1	1	1	1	0	1	1
ANXA5	1	1	1	1	0	1	0
APOA1	1	1	1	1	0	0	1
APOE	1	1	1	1	1	1	1
ARHGDIA	1	1	1	1	0	1	1
ARPC4	1	1	1	1	0	0	0
ARRDC1	1	1	1	1	0	0	1
B4GALT1	1	1	1	1	1	1	1
BAIAP2	1	1	1	1	1	1	1
BROX	1	1	1	1	0	0	0
BSG	1	1	1	1	0	0	0
BTN1A1	1	1	1	1	1	1	1
CALR	1	1	1	1	0	1	1
CAP1	1	1	1	1	0	1	0
CAPZA1	1	1	1	1	0	0	0
CAPZA2	1	1	1	1	0	0	0
CAT	1	1	1	1	0	0	0
CD14	1	1	1	1	0	0	0
CD151	1	1	1	1	0	0	0
CD36	1	1	1	1	1	1	0
CD63	1	1	1	1	0	0	0
CD82	1	1	1	1	0	0	0
CD9	1	1	1	1	0	0	1
CDH1	1	1	1	1	0	0	0
CDSN	1	1	1	1	0	0	0
CHMP2A	1	1	1	1	0	1	1
CHMP4B	1	1	1	1	0	1	1
CLDN3	1	1	1	1	0	0	0
CLIC1	1	1	1	1	0	1	1
CLIC4	1	1	1	1	1	0	1
CLTC	1	1	1	1	0	0	1
CNDP2	1	1	1	1	0	0	1
CSN2	1	1	1	1	1	1	1
CTSD	1	1	1	1	0	1	1
DSG1	1	1	1	1	0	0	0
DSP	1	1	1	1	0	0	1
EEF2	1	1	1	1	1	1	1
EHD1	1	1	1	1	0	1	1
EHD4	1	1	1	1	1	1	1
ELAPOR1	1	1	1	1	0	0	0
ENG	1	1	1	1	0	0	0
ENO1	1	1	1	1	1	1	1
EPCAM	1	1	1	1	0	0	0
ERP44	1	1	1	1	0	0	1
EZR	1	1	1	1	1	1	1
FASN	1	1	1	1	1	1	1
GAPDH	1	1	1	1	1	1	0
GDI2	1	1	1	1	0	1	1
GFUS	1	1	1	1	0	0	0
GGT1	1	1	1	1	0	1	1
GLUL	1	1	1	1	0	0	1
GNA11	1	1	1	1	0	1	1
GNAI2	1	1	1	1	0	0	1
GNAI3	1	1	1	1	0	1	1
GNAQ	1	1	1	1	0	0	1
GNB1	1	1	1	1	1	1	1
GNB2	1	1	1	1	0	1	0
GNG12	1	1	1	1	1	1	1
GPI	1	1	1	1	0	0	1
GPX4	1	1	1	1	0	0	1
GRB2	1	1	1	1	1	0	1
HSP90AA1	1	1	1	1	0	1	1
HSP90AB1	1	1	1	1	1	1	1
HSP90B1	1	1	1	1	0	1	1
HSPA5	1	1	1	1	1	1	1
HSPA8	1	1	1	1	1	1	1
IDH1	1	1	1	1	1	1	1
IST1	1	1	1	1	0	1	1
JCHAIN	1	1	1	1	1	1	1
JUP	1	1	1	1	0	0	1
KRT1	1	1	1	1	1	1	1
KRT10	1	1	1	1	1	1	1
KRT14	1	1	1	1	1	1	1
KRT17	1	1	1	1	0	0	1
KRT5	1	1	1	1	1	1	1
KRT78	1	1	1	1	0	0	0
LALBA	1	1	1	1	1	1	1
LAMP2	1	1	1	1	0	0	1
LAP3	1	1	1	1	1	1	1
LDHB	1	1	1	1	1	1	1
LPL	1	1	1	1	1	1	1
LTF	1	1	1	1	1	1	1
LYN	1	1	1	1	1	1	1
MDH1	1	1	1	1	0	1	1
MDH2	1	1	1	1	0	0	0
MFGE8	1	1	1	1	1	1	1
MSN	1	1	1	1	1	1	1
MUC1	1	1	1	1	0	0	0
MUC15	1	1	1	1	0	0	0
MVB12A	1	1	1	1	0	0	0
NAPA	1	1	1	1	0	0	1
NCSTN	1	1	1	1	0	0	0
NME2	1	1	1	1	0	0	1
P4HB	1	1	1	1	1	1	1
PACSIN2	1	1	1	1	0	0	0
PARK7	1	1	1	1	0	1	1
PDCD6IP	1	1	1	1	1	1	1
PDXK	1	1	1	1	0	0	0
PEBP1	1	1	1	1	1	1	1
PGD	1	1	1	1	0	1	1
PGK1	1	1	1	1	0	1	1
PIGR	1	1	1	1	1	1	0
PKM	1	1	1	1	1	1	1
PLEKHB2	1	1	1	1	0	0	0
PLIN2	1	1	1	1	1	1	1
PLIN3	1	1	1	1	1	1	1
PPIB	1	1	1	1	1	1	1
PRDX1	1	1	1	1	0	1	1
PRDX4	1	1	1	1	0	1	1
PRDX5	1	1	1	1	0	0	0
PROM2	1	1	1	1	0	0	0
PSMA3	1	1	1	1	0	0	1
PTTG1IP	1	1	1	1	0	0	0
RAB10	1	1	1	1	0	0	1
RAB18	1	1	1	1	1	1	1
RAB1A	1	1	1	1	1	1	1
RAB1B	1	1	1	1	0	0	1
RAB21	1	1	1	1	0	0	1
RAB25	1	1	1	1	0	1	1
RAB2A	1	1	1	1	0	1	1
RAB35	1	1	1	1	0	1	1
RAB5C	1	1	1	1	0	1	1
RAB7A	1	1	1	1	1	1	1
RALA	1	1	1	1	0	1	1
RALB	1	1	1	1	0	0	0
RAP1A	1	1	1	1	1	1	1
RAP1B	1	1	1	1	1	0	1
RAP2B	1	1	1	1	0	0	0
RDX	1	1	1	1	1	0	1
RHOA	1	1	1	1	1	1	1
RPS3	1	1	1	1	0	1	1
RTN3	1	1	1	1	0	0	1
SDCBP	1	1	1	1	1	1	1
SERINC5	1	1	1	1	0	0	0
SLC34A2	1	1	1	1	0	0	0
SLC3A2	1	1	1	1	0	0	0
SLC6A14	1	1	1	1	0	0	0
STOM	1	1	1	1	1	1	1
STOML3	1	1	1	1	0	0	0
STX3	1	1	1	1	0	1	1
STXBP2	1	1	1	1	0	1	1
TKT	1	1	1	1	0	1	1
TLR2	1	1	1	1	0	0	0
TM9SF2	1	1	1	1	0	0	0
TMBIM1	1	1	1	1	0	0	0
TMED7	1	1	1	1	0	0	0
TPI1	1	1	1	1	1	1	1
TSG101	1	1	1	1	0	0	1
TSPAN6	1	1	1	1	0	0	0
TUBB4B	1	1	1	1	0	1	1
TXN	1	1	1	1	0	1	1
UGP2	1	1	1	1	0	1	1
VAMP8	1	1	1	1	0	0	0
VAT1	1	1	1	1	1	1	1
VCP	1	1	1	1	0	0	1
VPS28	1	1	1	1	0	0	0
VPS4A	1	1	1	1	0	0	0
VPS4B	1	1	1	1	0	0	0
VTA1	1	1	1	1	0	1	1
WDR1	1	1	1	1	0	1	1
YWHAB	1	1	1	1	0	1	1
YWHAE	1	1	1	1	0	1	1
YWHAG	1	1	1	1	0	1	1
A1BG	1	0	0	0	0	0	0
A2M	1	0	0	0	1	1	0
ABCA1	1	0	0	0	0	0	0
ACE	1	0	0	0	0	1	1
ACP2	1	0	0	0	0	0	0
ACTN2	1	0	0	0	0	0	0
ADCY3	1	0	0	0	0	0	0
ADGRE5	1	0	0	0	0	0	0
ADGRG6	1	0	0	0	0	1	1
ALDH1L1	1	0	0	0	0	0	0
ANKFY1	1	0	0	0	0	0	0
ANPEP	1	0	0	0	0	1	1
ANXA3	1	0	0	0	0	0	0
AOX1	1	0	0	0	1	0	0
APOB	1	0	0	0	0	1	1
APOD	1	0	0	0	0	0	1
APP	1	0	0	0	0	1	1
ARF5	1	0	0	0	0	0	0
ASAH1	1	0	0	0	0	1	1
ATL3	1	0	0	0	0	0	0
ATP1B3	1	0	0	0	0	0	0
ATP2A2	1	0	0	0	0	0	0
ATP6AP1	1	0	0	0	0	0	0
ATP6V0A1	1	0	0	0	0	0	0
ATP6V0D1	1	0	0	0	0	0	0
BAX	1	0	0	0	0	0	0
BRD9	1	0	0	0	0	0	0
BST2	1	0	0	0	0	0	0
C1R	1	0	0	0	0	1	0
C4B_2	1	0	0	0	0	0	0
C4orf54	1	0	0	0	0	0	0
CA2	1	0	0	0	0	0	0
CA6	1	0	0	0	0	0	0
CACNA2D1	1	0	0	0	0	1	1
CALML5	1	0	0	0	0	0	0
CANT1	1	0	0	0	0	1	1
CAST	1	0	0	0	0	0	0
CBR1	1	0	0	0	0	0	0
CCDC13	1	0	0	0	0	0	0
CDK5RAP2	1	0	0	0	0	0	0
CEL	1	0	0	0	0	1	1
CFB	1	0	0	0	0	1	1
CLCA1	1	0	0	0	0	0	0
CLCA4	1	0	0	0	0	0	0
CLDN4	1	0	0	0	0	0	0
CORO1C	1	0	0	0	0	0	0
CP	1	0	0	0	1	1	1
CPM	1	0	0	0	0	0	0
CPPED1	1	0	0	0	0	0	0
CRABP1	1	0	0	0	0	0	1
CRABP2	1	0	0	0	0	0	0
CRISPLD1	1	0	0	0	0	0	1
CST3	1	0	0	0	0	0	0
CXADR	1	0	0	0	0	0	0
CYCS	1	0	0	0	0	1	0
DCD	1	0	0	0	1	0	0
DDT	1	0	0	0	0	0	0
DDX46	1	0	0	0	0	1	1
DPYSL3	1	0	0	0	0	1	1
DSC2	1	0	0	0	0	0	1
ECPAS	1	0	0	0	0	0	0
EEF1B2	1	0	0	0	1	0	1
EGF	1	0	0	0	0	0	0
EGFL6	1	0	0	0	0	0	0
ENDOD1	1	0	0	0	0	0	0
ESYT1	1	0	0	0	0	0	0
FABP7	1	0	0	0	0	0	1
FAM3B	1	0	0	0	0	0	0
FBP2	1	0	0	0	0	1	1
FKBP2	1	0	0	0	0	0	0
FLG	1	0	0	0	0	0	0
FLG2	1	0	0	0	0	0	0
FOLH1	1	0	0	0	0	0	1
FSCN1	1	0	0	0	0	0	1
FTH1	1	0	0	0	0	0	0
FUT6	1	0	0	0	0	0	0
FZD6	1	0	0	0	0	0	0
GBP1	1	0	0	0	0	0	0
GC	1	0	0	0	1	1	1
GCA	1	0	0	0	0	0	0
GPM6A	1	0	0	0	0	0	1
H3-7	1	0	0	0	0	0	0
H4C16	1	0	0	0	1	0	0
HAPLN1	1	0	0	0	0	0	1
HAPLN3	1	0	0	0	0	0	0
HLA-B	1	0	0	0	0	0	0
HLA-C	1	0	0	0	0	0	0
HLA-DMA	1	0	0	0	0	0	0
HLA-DMB	1	0	0	0	0	0	0
HLA-DPA1	1	0	0	0	0	0	0
HLA-DPB1	1	0	0	0	0	0	0
HLA-DQB1	1	0	0	0	0	0	0
HLA-DRA	1	0	0	0	1	0	0
HLA-DRB1	1	0	0	0	0	0	0
HM13	1	0	0	0	0	0	0
HPGD	1	0	0	0	0	0	0
HPX	1	0	0	0	0	0	0
HRNR	1	0	0	0	1	0	0
ICAM1	1	0	0	0	0	0	0
IGHA1	1	0	0	0	1	0	0
IGHA2	1	0	0	0	0	0	0
IGHG1	1	0	0	0	0	0	0
IGHG2	1	0	0	0	0	0	0
IGHM	1	0	0	0	1	0	0
IGHV1-18	1	0	0	0	0	0	0
IGHV1-46	1	0	0	0	0	0	0
IGHV1-69	1	0	0	0	0	0	0
IGHV1-8	1	0	0	0	0	0	0
IGHV1OR15-1	1	0	0	0	0	0	0
IGHV2-5	1	0	0	0	0	0	0
IGHV2-70D	1	0	0	0	0	0	0
IGHV3-13	1	0	0	0	0	0	0
IGHV3-35	1	0	0	0	0	0	0
IGHV3-43	1	0	0	0	0	0	0
IGHV3-49	1	0	0	0	1	0	0
IGHV3-7	1	0	0	0	0	0	0
IGHV3-72	1	0	0	0	1	0	0
IGHV3OR16-12	1	0	0	0	0	0	0
IGHV3OR16-9	1	0	0	0	0	0	0
IGHV4-28	1	0	0	0	0	0	0
IGHV5-10-1	1	0	0	0	0	0	0
IGHV5-51	1	0	0	0	0	0	0
IGHV6-1	1	0	0	0	0	0	0
IGKC	1	0	0	0	1	0	0
IGKV1-5	1	0	0	0	0	0	0
IGKV3-20	1	0	0	0	1	0	0
IGKV4-1	1	0	0	0	0	0	0
IGLL5	1	0	0	0	1	0	0
IGLV1-51	1	0	0	0	0	0	0
IGLV2-8	1	0	0	0	0	0	0
IGLV3-10	1	0	0	0	0	0	0
IGLV3-19	1	0	0	0	0	0	0
IGLV4-69	1	0	0	0	0	0	0
IGLV5-37	1	0	0	0	0	0	0
IGLV9-49	1	0	0	0	0	0	0
IL6ST	1	0	0	0	0	0	0
INSR	1	0	0	0	0	0	0
IQGAP2	1	0	0	0	0	0	0
ITGAM	1	0	0	0	0	0	0
ITGB4	1	0	0	0	0	0	0
KIF2A	1	0	0	0	0	0	0
KPRP	1	0	0	0	0	0	0
KRT23	1	0	0	0	0	0	0
KRT8	1	0	0	0	0	0	0
KRT9	1	0	0	0	1	0	0
LCN1	1	0	0	0	0	0	0
LGALS1	1	0	0	0	0	0	0
LGALS3	1	0	0	0	0	1	1
LGALS9	1	0	0	0	0	0	0
LIMA1	1	0	0	0	0	0	0
LOXL4	1	0	0	0	0	1	0
LRP1	1	0	0	0	0	0	0
LY6D	1	0	0	0	0	0	0
LY6E	1	0	0	0	0	0	0
LY75	1	0	0	0	0	0	0
LYZ	1	0	0	0	1	0	0
MAP3K6	1	0	0	0	0	0	0
MBLAC2	1	0	0	0	0	0	0
MEST	1	0	0	0	0	0	0
MFAP2	1	0	0	0	0	1	1
MGP	1	0	0	0	1	1	1
MOXD1	1	0	0	0	0	0	0
MRC1	1	0	0	0	0	1	1
MUC4	1	0	0	0	0	0	0
MUCL1	1	0	0	0	0	0	0
MYH10	1	0	0	0	0	0	0
MYOF	1	0	0	0	0	0	0
NAGLU	1	0	0	0	0	0	1
NAMPT	1	0	0	0	0	0	1
NCALD	1	0	0	0	0	0	0
NEDD4L	1	0	0	0	0	0	0
NPNT	1	0	0	0	0	0	1
NRP1	1	0	0	0	0	1	1
NTRK2	1	0	0	0	0	0	0
OLAH	1	0	0	0	0	0	0
PADI2	1	0	0	0	0	0	1
PAFAH1B2	1	0	0	0	0	0	0
PDGFC	1	0	0	0	0	1	1
PEPD	1	0	0	0	0	0	0
PIEZO1	1	0	0	0	0	0	0
PIP	1	0	0	0	0	0	0
PLAUR	1	0	0	0	0	0	0
PLOD1	1	0	0	0	1	1	1
PLSCR3	1	0	0	0	0	0	0
POTEI	1	0	0	0	0	0	0
PPP4C	1	0	0	0	0	0	0
PSAP	1	0	0	0	1	1	1
PSMD8	1	0	0	0	0	0	0
RAB3GAP2	1	0	0	0	0	0	0
RASAL2	1	0	0	0	0	0	0
RECK	1	0	0	0	0	0	0
S100A1	1	0	0	0	0	0	0
S100A6	1	0	0	0	0	0	0
S100A7	1	0	0	0	0	0	0
SBSN	1	0	0	0	0	0	0
SCARB1	1	0	0	0	0	0	0
SCGB2A2	1	0	0	0	0	0	0
SDCBP2	1	0	0	0	0	0	0
SERINC1	1	0	0	0	0	0	0
SERPINA1	1	0	0	0	0	0	0
SERPINA3	1	0	0	0	0	0	0
SLC44A1	1	0	0	0	0	0	0
SLC44A4	1	0	0	0	0	0	0
SNAP25	1	0	0	0	0	0	0
SNX33	1	0	0	0	0	0	0
SOSTDC1	1	0	0	0	0	1	1
SRP54	1	0	0	0	0	0	0
STT3B	1	0	0	0	0	0	0
SYT7	1	0	0	0	0	0	0
TACSTD2	1	0	0	0	0	0	0
TGM2	1	0	0	0	0	0	0
TIMP1	1	0	0	0	0	1	1
TMEM109	1	0	0	0	0	0	0
TMEM190	1	0	0	0	0	0	0
TMEM200C	1	0	0	0	0	0	0
TMX3	1	0	0	0	0	0	0
TNFRSF11B	1	0	0	0	0	0	1
TNFSF10	1	0	0	0	0	0	1
TNFSF13	1	0	0	0	0	0	0
TNFSF13B	1	0	0	0	0	0	0
TPBG	1	0	0	0	0	0	0
TPM4	1	0	0	0	0	0	0
TPP2	1	0	0	0	0	0	0
TTR	1	0	0	0	0	0	0
UBTD2	1	0	0	0	0	0	0
USP7	1	0	0	0	0	0	0
VASP	1	0	0	0	0	0	0
VCAM1	1	0	0	0	0	0	0
VTCN1	1	0	0	0	0	1	0
WDR37	1	0	0	0	0	0	0
ABHD12	0	0	1	0	0	0	0
ADM2	0	0	1	0	0	1	0
ADPGK	0	0	1	0	0	0	0
AEBP1	0	0	1	0	0	0	0
ALG5	0	0	1	0	0	0	0
ANGPTL4	0	0	1	0	1	1	1
BGN	0	0	1	0	0	0	0
BOD1L1	0	0	1	0	0	0	1
C1QB	0	0	1	0	0	0	0
C9	0	0	1	0	1	1	1
CCDC170	0	0	1	0	0	0	0
CFH	0	0	1	0	0	0	0
COA7	0	0	1	0	0	0	0
CRBP1	0	0	1	0	0	0	0
CXCL17	0	0	1	0	0	0	0
EMP1	0	0	1	0	0	0	0
ERAP1	0	0	1	0	1	1	1
ERGIC1	0	0	1	0	0	0	0
EXT1	0	0	1	0	0	0	0
FOLR3	0	0	1	0	0	0	0
FOXRED2	0	0	1	0	0	0	1
GALNT3	0	0	1	0	0	0	1
GPAT4	0	0	1	0	0	0	0
GPR68	0	0	1	0	0	0	0
H-FABP	0	0	1	0	0	0	1
H1-5	0	0	1	0	0	0	0
ITM2C	0	0	1	0	0	0	0
KCNK6	0	0	1	0	0	0	0
KIAA0319L	0	0	1	0	0	0	0
KRT12	0	0	1	0	0	0	0
LARGE1	0	0	1	0	0	0	0
LDLR	0	0	1	0	0	0	0
LOC100860781	0	0	1	0	0	0	0
LOC100861018	0	0	1	0	0	0	1
LOC100861197	0	0	1	0	0	0	0
LOC102168428	0	0	1	0	0	0	0
LOC102171417	0	0	1	0	0	0	1
LOC102171764	0	0	1	0	0	0	1
LOC102172488	0	0	1	0	0	0	1
LOC102175184	0	0	1	0	0	0	0
LOC102176514	0	0	1	0	0	0	1
LOC102180194	0	0	1	0	0	0	0
LOC102180465	0	0	1	0	0	0	0
LOC102180841	0	0	1	0	0	0	0
LOC102182048	0	0	1	0	0	0	0
LOC102182127	0	0	1	0	0	0	1
LOC102186381	0	0	1	0	0	0	1
LOC102187720	0	0	1	0	0	0	1
LOC102190297	0	0	1	0	0	0	0
LOC106503036	0	0	1	0	0	0	1
LOC106503503	0	0	1	0	0	0	1
LOC108633910	0	0	1	0	0	0	1
LOC108636029	0	0	1	0	0	0	0
LOC108636060	0	0	1	0	0	0	0
LRG1	0	0	1	0	0	0	0
MANEA	0	0	1	0	0	0	0
MAP34-B	0	0	1	0	0	0	0
MCM2	0	0	1	0	0	0	0
MGST1	0	0	1	0	0	0	0
MMP15	0	0	1	0	0	0	0
NDUFB10	0	0	1	0	0	0	0
NEB	0	0	1	0	0	0	0
NECTIN2	0	0	1	0	0	0	0
NUCB2	0	0	1	0	1	1	1
PCDHGC4	0	0	1	0	0	0	0
PHB2	0	0	1	0	0	0	0
POLA1	0	0	1	0	0	0	0
PRLR	0	0	1	0	0	0	0
PTHrP	0	0	1	0	0	0	0
RPS21	0	0	1	0	0	0	1
SLC5A6	0	0	1	0	0	0	0
SLITRK6	0	0	1	0	0	0	0
SRSF6	0	0	1	0	0	0	0
SSR3	0	0	1	0	0	0	0
SULT1C4	0	0	1	0	0	0	0
TINAGL1	0	0	1	0	1	1	1
TSPAN1	0	0	1	0	0	0	0
VLDLR	0	0	1	0	0	0	0
ZNF385D	0	0	1	0	0	0	0
AAMDC	0	1	0	0	0	0	0
AARS1	0	1	0	0	0	0	0
AARSD1	0	1	0	0	0	0	0
ABCB6	0	1	0	0	0	0	1
ABCE1	0	1	0	0	0	0	0
ABHD4	0	1	0	0	0	0	0
ABHD5	0	1	0	0	0	0	0
ABI1	0	1	0	0	0	0	0
ABO	0	1	0	0	0	0	0
ABRAXAS2	0	1	0	0	0	0	0
ACAP2	0	1	0	0	0	0	0
ACP1	0	1	0	0	0	0	0
ACTG1	0	1	0	0	0	0	0
ACTR10	0	1	0	0	0	0	0
ACTR1B	0	1	0	0	0	0	0
ACY1	0	1	0	0	0	0	0
ACYP1	0	1	0	0	0	0	0
ADAMTS10	0	1	0	0	0	0	0
ADGRF1	0	1	0	0	0	0	0
ADI1	0	1	0	0	0	0	0
ADK	0	1	0	0	0	0	0
ADRM1	0	1	0	0	0	0	0
ADSL	0	1	0	0	0	0	0
ADSS2	0	1	0	0	0	0	0
AFDN	0	1	0	0	0	0	0
AGL	0	1	0	0	0	0	0
AHNAK	0	1	0	0	0	0	0
AHNAK2	0	1	0	0	0	0	0
AHSA1	0	1	0	0	0	0	0
AIDA	0	1	0	0	0	0	0
AIFM2	0	1	0	0	0	0	0
AKR1C3	0	1	0	0	0	0	0
AKR7A2	0	1	0	0	0	0	0
AKTIP	0	1	0	0	0	0	0
ALCAM	0	1	0	0	0	0	0
ALDH16A1	0	1	0	0	0	0	0
ALDH3B1	0	1	0	0	0	0	0
ALOX15	0	1	0	0	0	0	0
ANG1	0	1	0	0	0	0	0
ANKRD11	0	1	0	0	0	0	0
ANKRD13A	0	1	0	0	0	0	0
ANKRD2	0	1	0	0	0	0	0
ANKRD22	0	1	0	0	0	0	0
AOX4	0	1	0	0	0	1	0
AP1G1	0	1	0	0	0	0	0
AP1M1	0	1	0	0	0	0	0
AP1M2	0	1	0	0	0	0	0
AP1S1	0	1	0	0	0	0	0
AP2A1	0	1	0	0	0	0	0
AP2A2	0	1	0	0	0	0	0
AP2M1	0	1	0	0	0	0	0
AP3B1	0	1	0	0	0	0	0
AP3D1	0	1	0	0	0	0	0
APH1A	0	1	0	0	0	0	0
APIP	0	1	0	0	0	0	0
APOA4	0	1	0	0	0	1	0
ARAF	0	1	0	0	0	0	0
ARCN1	0	1	0	0	0	0	0
ARHGAP1	0	1	0	0	0	0	0
ARHGAP18	0	1	0	0	0	0	0
ARHGAP26	0	1	0	0	0	0	0
ARHGAP28	0	1	0	0	0	0	0
ARHGEF12	0	1	0	0	0	0	0
ARHGEF16	0	1	0	0	0	0	0
ARHGEF37	0	1	0	0	0	0	0
ARL1	0	1	0	0	0	0	0
ARL15	0	1	0	0	0	0	0
ARL3	0	1	0	0	0	0	0
ARMT1	0	1	0	0	0	0	0
ARPC1A	0	1	0	0	0	0	0
ARPC5L	0	1	0	0	0	0	0
ART3	0	1	0	0	0	0	0
ASAP3	0	1	0	0	0	0	0
ASNS	0	1	0	0	0	0	0
ASPA	0	1	0	0	0	0	0
ATOX1	0	1	0	0	0	0	0
ATP11B	0	1	0	0	0	0	0
ATP13A3	0	1	0	0	0	0	0
ATP6AP2	0	1	0	0	1	1	0
ATP6V1D	0	1	0	0	0	0	0
ATP6V1G1	0	1	0	0	0	0	0
ATXN10	0	1	0	0	0	0	0
AUP1	0	1	0	0	0	0	0
AVL9	0	1	0	0	0	0	0
B4GALNT3	0	1	0	0	0	0	0
BAG5	0	1	0	0	0	0	0
BAIAP2L1	0	1	0	0	0	0	0
BCL2L15	0	1	0	0	0	0	0
BIN3	0	1	0	0	0	0	0
BLVRA	0	1	0	0	0	0	0
BOLA	0	1	0	0	0	0	0
BOLA-NC1	0	1	0	0	0	0	0
BRCA1	0	1	0	0	0	0	0
BTF3L4	0	1	0	0	0	0	0
BZW1	0	1	0	0	0	0	0
BZW2	0	1	0	0	0	0	0
C1QC	0	1	0	0	0	0	0
C2H2orf72	0	1	0	0	0	0	0
C6H4orf19	0	1	0	0	0	0	0
C6H4orf54	0	1	0	0	0	0	0
CA8	0	1	0	0	0	0	0
CACYBP	0	1	0	0	0	0	0
CAD	0	1	0	0	0	0	0
CADM1	0	1	0	0	0	0	0
CALB1	0	1	0	0	0	0	0
CALM	0	1	0	0	0	0	0
CAPN2	0	1	0	0	0	0	0
CAPN6	0	1	0	0	0	0	0
CAPNS1	0	1	0	0	0	0	0
CARHSP1	0	1	0	0	0	0	0
CARMIL1	0	1	0	0	0	0	0
CASP6	0	1	0	0	0	0	0
CATHL1	0	1	0	0	0	0	0
CATHL5	0	1	0	0	0	0	0
CATHL7	0	1	0	0	0	0	0
CBFB	0	1	0	0	0	0	0
CBS	0	1	0	0	0	0	0
CC2D1A	0	1	0	0	0	0	0
CC2D1B	0	1	0	0	0	0	0
CCDC22	0	1	0	0	0	0	0
CCM2	0	1	0	0	0	0	0
CCNYL1	0	1	0	0	0	0	0
CCS	0	1	0	0	0	0	0
CCT3	0	1	0	0	1	0	1
CCT5	0	1	0	0	0	0	1
CCT6A	0	1	0	0	0	0	0
CCT8	0	1	0	0	0	0	1
CCZ1	0	1	0	0	0	0	0
CD109	0	1	0	0	0	0	0
CD177	0	1	0	0	0	0	0
CD38	0	1	0	0	0	0	0
CDC37	0	1	0	0	0	0	0
CDC42BPB	0	1	0	0	0	0	0
CDC42EP1	0	1	0	0	0	0	0
CDC42SE1	0	1	0	0	0	0	0
CDC42SE2	0	1	0	0	0	0	0
CDCP1	0	1	0	0	0	0	0
CDH16	0	1	0	0	0	0	0
CDIP1	0	1	0	0	0	0	0
CDON	0	1	0	0	0	0	0
CEACAM19	0	1	0	0	0	0	0
CEMIP2	0	1	0	0	0	0	0
CENPF	0	1	0	0	0	0	0
CHID1	0	1	0	0	1	1	1
CHORDC1	0	1	0	0	0	0	0
CHP1	0	1	0	0	0	0	0
CHPF	0	1	0	0	0	1	1
CIST1	0	1	0	0	0	0	0
CLCN1	0	1	0	0	0	0	0
CLDN8	0	1	0	0	0	0	0
CLIC2	0	1	0	0	0	0	0
CLINT1	0	1	0	0	0	0	0
CLIP1	0	1	0	0	0	0	0
CLTA	0	1	0	0	0	0	0
CMTM7	0	1	0	0	0	0	0
CMTM8	0	1	0	0	0	0	0
CNBP	0	1	0	0	0	0	0
CNNM3	0	1	0	0	0	0	0
COASY	0	1	0	0	0	0	0
COL14A1	0	1	0	0	0	0	0
COL18A1	0	1	0	0	0	1	0
COLEC12	0	1	0	0	0	0	0
COPA	0	1	0	0	0	0	0
COPE	0	1	0	0	0	0	0
COPS2	0	1	0	0	0	0	0
COPS3	0	1	0	0	0	0	0
COPS4	0	1	0	0	0	0	0
COPS5	0	1	0	0	0	0	0
CPNE8	0	1	0	0	0	0	0
CPTP	0	1	0	0	0	0	0
CREG1	0	1	0	0	0	0	0
CRISP3	0	1	0	0	0	0	0
CRK	0	1	0	0	0	0	0
CRKL	0	1	0	0	0	0	0
CRTAC1	0	1	0	0	0	1	0
CRTAP	0	1	0	0	0	1	0
CRYAB	0	1	0	0	0	0	0
CSNK1G1	0	1	0	0	0	0	0
CSNK1G2	0	1	0	0	0	0	0
CSNK1G3	0	1	0	0	0	0	0
CSNK2A1	0	1	0	0	0	0	0
CSNK2B	0	1	0	0	0	0	0
CTPS2	0	1	0	0	0	0	0
CTSA	0	1	0	0	0	1	1
CTSZ	0	1	0	0	0	1	1
CTTN	0	1	0	0	0	0	0
CUL1	0	1	0	0	0	0	0
CUL3	0	1	0	0	0	0	0
CXCL11	0	1	0	0	0	0	0
CYB5B	0	1	0	0	0	0	0
CYFIP2	0	1	0	0	0	0	0
CYRIA	0	1	0	0	0	0	0
CYSTM1	0	1	0	0	0	0	0
CZIB	0	1	0	0	0	0	0
DBNL	0	1	0	0	0	0	0
DCTN1	0	1	0	0	0	0	0
DCTN2	0	1	0	0	0	0	0
DCTN3	0	1	0	0	0	0	0
DCTN4	0	1	0	0	0	0	0
DCTN6	0	1	0	0	0	0	0
DCUN1D1	0	1	0	0	0	0	0
DDB1	0	1	0	0	0	0	0
DDX1	0	1	0	0	0	0	0
DDX3X	0	1	0	0	0	0	0
DDX6	0	1	0	0	0	0	0
DENND2D	0	1	0	0	0	0	0
DENR	0	1	0	0	0	0	0
DERA	0	1	0	0	0	0	0
DGKA	0	1	0	0	0	0	0
DGKD	0	1	0	0	0	0	0
DHFR	0	1	0	0	0	0	0
DHRS11	0	1	0	0	0	0	0
DHRS12	0	1	0	0	0	0	0
DHRS3	0	1	0	0	0	0	0
DIAPH1	0	1	0	0	0	0	0
DIP2B	0	1	0	0	0	0	0
DIP2C	0	1	0	0	0	0	0
DNAH1	0	1	0	0	0	0	0
DNAH14	0	1	0	0	0	0	0
DNAJB2	0	1	0	0	0	0	0
DNAJC12	0	1	0	0	0	0	0
DNM2	0	1	0	0	0	0	0
DNPEP	0	1	0	0	0	0	0
DNPH1	0	1	0	0	0	0	0
DPP3	0	1	0	0	0	1	1
DPYD	0	1	0	0	0	0	0
DTD1	0	1	0	0	0	0	0
DTD2	0	1	0	0	0	0	0
DUSP23	0	1	0	0	0	0	0
DYNC1I2	0	1	0	0	0	0	0
DYNC1LI1	0	1	0	0	0	0	0
DYNC1LI2	0	1	0	0	0	0	0
DYNLL2	0	1	0	0	0	0	0
DYNLT1	0	1	0	0	0	0	0
ECHDC1	0	1	0	0	0	0	0
EDC4	0	1	0	0	0	0	0
EDF1	0	1	0	0	0	0	0
EEA1	0	1	0	0	0	0	0
EEF1B	0	1	0	0	0	0	0
EEF1D	0	1	0	0	0	0	1
EFR3A	0	1	0	0	0	0	0
EFR3B	0	1	0	0	0	0	0
EHD3	0	1	0	0	0	0	0
EIF1	0	1	0	0	0	0	0
EIF1AX	0	1	0	0	0	0	0
EIF2S2	0	1	0	0	0	0	0
EIF2S3	0	1	0	0	0	0	0
EIF3B	0	1	0	0	0	0	1
EIF3C	0	1	0	0	0	0	0
EIF3D	0	1	0	0	0	0	0
EIF3F	0	1	0	0	0	0	0
EIF3H	0	1	0	0	0	0	0
EIF3I	0	1	0	0	0	0	0
EIF3J	0	1	0	0	0	0	0
EIF3L	0	1	0	0	0	0	0
EIF4A2	0	1	0	0	0	0	0
EIF4B	0	1	0	0	0	0	0
EIF4E	0	1	0	0	0	0	0
EIF4G1	0	1	0	0	0	0	0
EIF4G2	0	1	0	0	0	0	0
EIF4H	0	1	0	0	0	0	0
EIF5	0	1	0	0	0	0	0
EIF6	0	1	0	0	0	0	0
EIPR1	0	1	0	0	0	0	0
ELL3	0	1	0	0	0	0	0
ELMO1	0	1	0	0	0	0	0
ELMOD2	0	1	0	0	0	0	0
ELOC	0	1	0	0	0	0	0
EML2	0	1	0	0	0	0	0
ENOPH1	0	1	0	0	0	0	0
ENPP3	0	1	0	0	0	0	0
ENTPD2	0	1	0	0	0	0	0
ENTREP1	0	1	0	0	0	0	0
EPB41L4A	0	1	0	0	0	0	0
EPM2AIP1	0	1	0	0	0	0	0
EPPK1	0	1	0	0	0	0	0
EPRS1	0	1	0	0	0	0	1
EPS15	0	1	0	0	0	0	0
EPS8	0	1	0	0	0	0	0
EPS8L1	0	1	0	0	0	0	0
ESYT2	0	1	0	0	0	0	0
ETF1	0	1	0	0	0	0	1
EVA1B	0	1	0	0	0	0	0
EXOC1	0	1	0	0	0	0	0
EXOC3	0	1	0	0	0	0	0
EXOC4	0	1	0	0	0	0	0
EXOC5	0	1	0	0	0	0	0
EXOC6	0	1	0	0	0	0	0
EXOC6B	0	1	0	0	0	0	0
EXOC7	0	1	0	0	0	0	0
EXOC8	0	1	0	0	0	0	0
FADD	0	1	0	0	0	0	0
FAF2	0	1	0	0	0	0	0
FAM114A1	0	1	0	0	0	0	0
FAM20C	0	1	0	0	0	1	0
FAM234B	0	1	0	0	0	0	0
FAM83F	0	1	0	0	0	0	0
FAM98A	0	1	0	0	0	0	0
FARSB	0	1	0	0	0	0	0
FAU	0	1	0	0	0	0	0
FBXL20	0	1	0	0	0	0	0
FCGR2B	0	1	0	0	0	0	0
FCHO2	0	1	0	0	0	0	0
FCHSD2	0	1	0	0	0	0	0
FGFBP1	0	1	0	0	0	1	0
FGFRL1	0	1	0	0	0	0	0
FGR	0	1	0	0	0	0	0
FKBP3	0	1	0	0	0	0	0
FKBP4	0	1	0	0	0	0	1
FLII	0	1	0	0	0	0	0
FMNL2	0	1	0	0	0	0	0
FN3KRP	0	1	0	0	0	0	0
FNBP1L	0	1	0	0	0	0	0
FOLH1B	0	1	0	0	0	0	0
FOLR2	0	1	0	0	0	0	0
FZD5	0	1	0	0	0	0	0
FZD7	0	1	0	0	0	0	0
GABARAP	0	1	0	0	0	0	0
GAK	0	1	0	0	0	0	0
GALK1	0	1	0	0	0	0	0
GALK2	0	1	0	0	0	0	0
GAMT	0	1	0	0	0	0	0
GAPVD1	0	1	0	0	0	0	0
GART	0	1	0	0	0	0	0
GATD3	0	1	0	0	0	0	0
GBE1	0	1	0	0	0	0	0
GBGT1	0	1	0	0	0	0	0
GCHFR	0	1	0	0	0	0	0
GCK	0	1	0	0	0	0	0
GK	0	1	0	0	0	0	0
GK5	0	1	0	0	0	0	0
GLRX	0	1	0	0	0	0	0
GLRX3	0	1	0	0	0	0	0
GLTP	0	1	0	0	0	0	0
GMFB	0	1	0	0	0	0	0
GMPPA	0	1	0	0	0	0	0
GNAI1	0	1	0	0	0	0	0
GNB4	0	1	0	0	0	1	1
GNE	0	1	0	0	0	0	0
GNG10	0	1	0	0	0	0	0
GNG7	0	1	0	0	0	0	0
GNPDA1	0	1	0	0	0	0	0
GNPNAT1	0	1	0	0	0	0	0
GOLPH3	0	1	0	0	0	0	0
GOLPH3L	0	1	0	0	0	0	0
GORASP2	0	1	0	0	0	0	0
GP2	0	1	0	0	0	0	0
GPAM	0	1	0	0	0	0	0
GPC1	0	1	0	0	0	0	0
GPD1	0	1	0	0	0	0	0
GPD1L	0	1	0	0	0	0	0
GPHN	0	1	0	0	0	0	0
GPR55	0	1	0	0	0	0	0
GPS1	0	1	0	0	0	0	0
GRK2	0	1	0	0	0	0	0
GSK3A	0	1	0	0	0	0	0
GSK3B	0	1	0	0	0	0	0
GSPT1	0	1	0	0	0	0	0
GSR	0	1	0	0	0	0	0
GSTM1	0	1	0	0	0	0	0
GSTM3	0	1	0	0	0	0	0
GSTM4	0	1	0	0	0	0	0
GUK1	0	1	0	0	0	0	0
GYG1	0	1	0	0	0	0	0
H1-4	0	1	0	0	0	0	0
H2AC21	0	1	0	0	0	0	0
HBS1L	0	1	0	0	0	0	0
HDHD2	0	1	0	0	0	0	0
HDX	0	1	0	0	0	0	0
HERC6	0	1	0	0	0	0	0
HID1	0	1	0	0	0	0	0
HIKESHI	0	1	0	0	0	0	0
HINT3	0	1	0	0	0	0	0
HIST2H3D	0	1	0	0	0	1	0
HMGCS1	0	1	0	0	0	0	0
HNRNPK	0	1	0	0	0	0	0
HOMER2	0	1	0	0	0	0	0
HOOK1	0	1	0	0	0	0	0
HPCAL1	0	1	0	0	0	0	0
HRAS	0	1	0	0	0	0	0
HRH1	0	1	0	0	0	0	0
HS1BP3	0	1	0	0	0	0	0
HS2ST1	0	1	0	0	0	0	0
HSD17B7	0	1	0	0	0	0	0
HSD3B7	0	1	0	0	0	0	0
HSPA4	0	1	0	0	0	0	0
HSPA9	0	1	0	0	0	0	0
HSPH1	0	1	0	0	0	0	0
HSTN	0	1	0	0	0	0	0
HYCC1	0	1	0	0	0	0	0
HYCC2	0	1	0	0	0	0	0
IAH1	0	1	0	0	0	0	0
IARS1	0	1	0	0	0	0	0
ICAM3	0	1	0	0	0	0	0
ICOSLG	0	1	0	0	0	0	0
IDE	0	1	0	0	0	0	0
IDH2	0	1	0	0	0	0	0
IDI1	0	1	0	0	0	0	0
IFNGR2	0	1	0	0	0	0	0
IGBP1	0	1	0	0	0	0	0
IGSF5	0	1	0	0	0	0	0
IL17REL	0	1	0	0	0	0	0
IL1R1	0	1	0	0	0	0	0
ILDR1	0	1	0	0	0	0	0
ILK	0	1	0	0	0	0	0
IMPA1	0	1	0	0	0	0	0
IMPA2	0	1	0	0	0	0	0
IMPDH2	0	1	0	0	0	0	0
INPP5A	0	1	0	0	0	0	0
INPP5B	0	1	0	0	0	0	0
INPPL1	0	1	0	0	0	0	0
IPO7	0	1	0	0	0	0	0
ISG20	0	1	0	0	0	0	0
ISOC1	0	1	0	0	0	0	0
ITGA3	0	1	0	0	0	0	0
JAK1	0	1	0	0	0	0	0
JAK2	0	1	0	0	0	0	0
JSP.1	0	1	0	0	0	1	0
KARS1	0	1	0	0	0	0	0
KCNK1	0	1	0	0	0	0	0
KCNMA1	0	1	0	0	0	0	0
KCNQ5	0	1	0	0	0	0	0
KCTD12	0	1	0	0	0	0	0
KHK	0	1	0	0	0	0	0
KIAA0753	0	1	0	0	0	0	0
KIAA1522	0	1	0	0	0	0	0
KIF13B	0	1	0	0	0	0	0
KIT	0	1	0	0	0	0	0
KLC2	0	1	0	0	0	0	0
KLC4	0	1	0	0	0	0	0
KPNB1	0	1	0	0	1	0	1
KRT18	0	1	0	0	0	1	0
KRT19	0	1	0	0	0	0	0
KRT7	0	1	0	0	0	0	0
KRT75	0	1	0	0	0	0	0
LAMTOR4	0	1	0	0	0	0	0
LANCL1	0	1	0	0	0	0	0
LANCL2	0	1	0	0	0	0	0
LARS1	0	1	0	0	0	0	0
LASP1	0	1	0	0	0	0	0
LFNG	0	1	0	0	0	0	0
LGALS8	0	1	0	0	0	0	0
LHPP	0	1	0	0	0	0	0
LIFR	0	1	0	0	0	0	0
LIMS1	0	1	0	0	0	0	0
LIN7C	0	1	0	0	0	1	1
LITAF	0	1	0	0	0	0	0
LMBRD2	0	1	0	0	0	0	0
LMTK2	0	1	0	0	0	0	0
LOC100295687	0	1	0	0	0	0	0
LOC100297676	0	1	0	0	0	0	0
LOC100299180	0	1	0	0	0	0	0
LOC100337457	0	1	0	0	0	0	0
LOC100847119	0	1	0	0	0	1	0
LOC100848700	0	1	0	0	0	0	0
LOC100850276	0	1	0	0	0	0	0
LOC104968820	0	1	0	0	0	0	0
LOC104975830	0	1	0	0	0	1	0
LOC107131209	0	1	0	0	0	0	0
LOC112441484	0	1	0	0	0	0	0
LOC112441545	0	1	0	0	0	0	0
LOC508879	0	1	0	0	0	0	0
LOC510369	0	1	0	0	0	0	0
LOC510798	0	1	0	0	0	0	0
LOC512672	0	1	0	0	0	0	0
LOC515333	0	1	0	0	0	0	0
LOC515551	0	1	0	0	0	0	0
LOC518526	0	1	0	0	0	0	0
LOC520016	0	1	0	0	0	0	0
LOC521224	0	1	0	0	0	0	0
LOC521568	0	1	0	0	0	0	0
LOC523126	0	1	0	0	0	0	0
LOC527068	0	1	0	0	0	0	0
LOC536097	0	1	0	0	0	0	0
LOC777594	0	1	0	0	0	0	0
LOC782884	0	1	0	0	0	0	0
LOC787679	0	1	0	0	0	0	0
LPIN1	0	1	0	0	0	0	0
LRATD2	0	1	0	0	0	0	0
LRBA	0	1	0	0	1	0	0
LRRC47	0	1	0	0	0	0	0
LRRC57	0	1	0	0	0	0	0
LRRC8A	0	1	0	0	0	0	0
LRRC8C	0	1	0	0	0	0	0
LXN	0	1	0	0	0	0	0
LYPLA1	0	1	0	0	0	0	0
LYPLA2	0	1	0	0	0	0	0
LZIC	0	1	0	0	0	0	0
LZTFL1	0	1	0	0	0	0	0
M-SAA3.2	0	1	0	0	0	0	0
MAGI1	0	1	0	0	0	0	0
MAN1B1	0	1	0	0	0	0	0
MAN2A2	0	1	0	0	0	0	0
MAN2B1	0	1	0	0	0	1	1
MANF	0	1	0	0	0	0	0
MAP2K1	0	1	0	0	0	0	0
MAPK10	0	1	0	0	0	0	0
MAT2A	0	1	0	0	0	0	0
MCTS1	0	1	0	0	0	0	0
MEAK7	0	1	0	0	0	0	0
MEMO1	0	1	0	0	0	0	0
METTL26	0	1	0	0	0	0	0
METTL9	0	1	0	0	0	0	0
MFSD4A	0	1	0	0	0	0	0
MFSD6	0	1	0	0	0	0	0
MGC157043	0	1	0	0	0	0	0
MICALL2	0	1	0	0	0	0	0
MINDY1	0	1	0	0	0	0	0
MITD1	0	1	0	0	0	0	0
MON1A	0	1	0	0	0	0	0
MPDZ	0	1	0	0	0	0	0
MPI	0	1	0	0	0	0	0
MSRA	0	1	0	0	0	0	0
MTHFR	0	1	0	0	0	0	0
MTMR1	0	1	0	0	0	0	0
MTPN	0	1	0	0	0	0	0
MTURN	0	1	0	0	0	0	0
MUC20	0	1	0	0	0	0	0
MVK	0	1	0	0	0	0	0
MVP	0	1	0	0	0	0	0
MYO18A	0	1	0	0	0	0	0
MYO5A	0	1	0	0	0	0	0
MYO5B	0	1	0	0	0	0	0
NACA	0	1	0	0	0	0	0
NAGK	0	1	0	0	0	0	0
NANS	0	1	0	0	0	0	1
NAPRT	0	1	0	0	0	0	0
NAXD	0	1	0	0	0	0	0
NCK1	0	1	0	0	0	0	0
NDFIP1	0	1	0	0	0	0	0
NDFIP2	0	1	0	0	0	0	0
NDRG1	0	1	0	0	0	0	0
NEBL	0	1	0	0	0	0	0
NECAP1	0	1	0	0	0	0	0
NECAP2	0	1	0	0	0	0	0
NEDD8	0	1	0	0	0	0	0
NELL2	0	1	0	0	0	0	0
NEU1	0	1	0	0	0	1	1
NF2	0	1	0	0	0	0	0
NHERF1	0	1	0	0	0	1	0
NIF3L1	0	1	0	0	0	0	0
NIPAL2	0	1	0	0	0	0	0
NIT2	0	1	0	0	0	0	0
NME1-1	0	1	0	0	0	0	0
NME1-2	0	1	0	0	0	0	0
NME3	0	1	0	0	0	1	1
NMRAL1	0	1	0	0	0	0	0
NPC1	0	1	0	0	0	0	0
NPC2	0	1	0	0	1	0	1
NPEPPS	0	1	0	0	0	1	1
NPLOC4	0	1	0	0	0	0	0
NQO1	0	1	0	0	0	0	0
NQO2	0	1	0	0	0	0	0
NRAS	0	1	0	0	0	0	0
NSFL1C	0	1	0	0	0	0	0
NTAN1	0	1	0	0	0	0	0
NUBP1	0	1	0	0	0	0	0
NUDC	0	1	0	0	0	0	1
NUDT12	0	1	0	0	0	0	0
NUDT5	0	1	0	0	0	0	0
NUTF2	0	1	0	0	0	0	0
OARD1	0	1	0	0	0	0	0
OCRL	0	1	0	0	0	0	0
OGFRL1	0	1	0	0	0	0	0
OLFML3	0	1	0	0	1	1	0
OPLAH	0	1	0	0	0	0	0
OR56A3G	0	1	0	0	0	0	0
OSBP	0	1	0	0	0	0	0
OSBPL10	0	1	0	0	0	0	0
OSBPL1A	0	1	0	0	0	0	0
OSBPL9	0	1	0	0	0	0	0
OSMR	0	1	0	0	0	0	0
OTUB1	0	1	0	0	0	0	1
OXSR1	0	1	0	0	0	0	0
P4HA2	0	1	0	0	0	0	0
PABPC1	0	1	0	0	0	0	0
PAFAH1B1	0	1	0	0	1	0	1
PAFAH1B2P68402	0	1	0	0	0	0	0
PAFAH1B3	0	1	0	0	0	0	0
PAH	0	1	0	0	0	0	0
PAK2	0	1	0	0	0	0	0
PAPSS1	0	1	0	0	0	0	0
PAPSS2	0	1	0	0	0	0	0
PARD6B	0	1	0	0	0	0	0
PARVA	0	1	0	0	0	0	0
PCBP2	0	1	0	0	0	0	0
PCDHGA3	0	1	0	0	0	0	0
PCDHGA5	0	1	0	0	0	0	0
PCDHGC3	0	1	0	0	0	0	0
PDAP1	0	1	0	0	0	0	0
PDCD5	0	1	0	0	0	0	0
PDCL3	0	1	0	0	0	0	0
PDLIM4	0	1	0	0	0	0	0
PDLIM5	0	1	0	0	0	0	0
PDXP	0	1	0	0	0	0	0
PELO	0	1	0	0	0	0	0
PFAS	0	1	0	0	0	0	0
PFKFB2	0	1	0	0	0	0	0
PFKFB4	0	1	0	0	0	0	0
PFKM	0	1	0	0	0	0	0
PGGT1B	0	1	0	0	0	0	0
PGLS	0	1	0	0	0	0	0
PGP	0	1	0	0	0	0	0
PHACTR2	0	1	0	0	0	0	0
PHACTR4	0	1	0	0	0	0	0
PHYHIPL	0	1	0	0	0	0	0
PI4KA	0	1	0	0	0	0	0
PIN4	0	1	0	0	0	0	0
PIP4K2A	0	1	0	0	0	0	0
PIP4K2B	0	1	0	0	0	0	0
PIP4K2C	0	1	0	0	0	0	0
PIP5K1B	0	1	0	0	0	0	0
PIP5K1C	0	1	0	0	0	0	0
PITHD1	0	1	0	0	0	0	0
PITPNA	0	1	0	0	0	0	1
PKN1	0	1	0	0	0	0	0
PLAA	0	1	0	0	0	0	0
PLBD2	0	1	0	0	0	1	0
PLCD3	0	1	0	0	0	0	0
PLEKHF1	0	1	0	0	0	0	0
PLPBP	0	1	0	0	0	0	0
PLSCR2	0	1	0	0	0	0	0
PLXNB2	0	1	0	0	0	0	0
PMVK	0	1	0	0	0	0	0
PNPLA2	0	1	0	0	0	0	0
PNPO	0	1	0	0	0	0	0
POFUT2	0	1	0	0	0	0	0
PPCS	0	1	0	0	0	0	0
PPID	0	1	0	0	0	0	0
PPM1A	0	1	0	0	0	0	0
PPM1B	0	1	0	0	0	0	0
PPME1	0	1	0	0	0	0	0
PPP1CA	0	1	0	0	0	0	0
PPP1CB	0	1	0	0	0	0	0
PPP1CC	0	1	0	0	0	0	0
PPP1R11	0	1	0	0	0	0	0
PPP1R7	0	1	0	0	0	0	0
PPP2CA	0	1	0	0	0	0	0
PPP2CB	0	1	0	0	0	0	0
PPP2R1A	0	1	0	0	0	1	1
PPP2R2A	0	1	0	0	0	0	0
PPP2R5A	0	1	0	0	0	0	0
PPP2R5E	0	1	0	0	0	0	0
PPP3CA	0	1	0	0	0	0	0
PPP5C	0	1	0	0	0	0	0
PPP6C	0	1	0	0	0	0	0
PRADC1	0	1	0	0	0	0	1
PRKAA2	0	1	0	0	0	0	0
PRKAB1	0	1	0	0	0	0	0
PRKAG1	0	1	0	0	0	0	0
PRKAR2A	0	1	0	0	0	0	0
PRKAR2B	0	1	0	0	0	0	0
PRKCA	0	1	0	0	0	0	0
PRKCD	0	1	0	0	0	0	0
PRKCH	0	1	0	0	0	0	0
PRKCI	0	1	0	0	0	0	0
PRKG2	0	1	0	0	0	0	0
PRMT5	0	1	0	0	0	0	0
PROCR	0	1	0	0	0	0	0
PRORSD1	0	1	0	0	0	0	0
PRPS1	0	1	0	0	0	0	0
PRPSAP1	0	1	0	0	0	0	0
PRRC1	0	1	0	0	0	0	0
PRXL2B	0	1	0	0	0	0	0
PSMB2	0	1	0	0	0	0	1
PSMB3	0	1	0	0	0	0	0
PSMB5	0	1	0	0	0	0	0
PSMC1	0	1	0	0	0	0	0
PSMC2	0	1	0	0	0	0	0
PSMC3	0	1	0	0	0	0	0
PSMC5	0	1	0	0	0	0	0
PSMC6	0	1	0	0	0	0	0
PSMD1	0	1	0	0	0	0	0
PSMD10	0	1	0	0	0	0	0
PSMD13	0	1	0	0	0	0	0
PSMD2	0	1	0	0	0	0	0
PSMD3	0	1	0	0	0	0	0
PSMD4	0	1	0	0	0	0	0
PSMD5	0	1	0	0	0	0	0
PSMD6	0	1	0	0	0	0	0
PSMD7	0	1	0	0	0	0	0
PSMD9	0	1	0	0	0	0	0
PSME2	0	1	0	0	0	0	0
PSMF1	0	1	0	0	0	0	0
PTGDS	0	1	0	0	0	1	0
PTGR1	0	1	0	0	0	0	1
PTGR2	0	1	0	0	0	0	0
PTHLH	0	1	0	0	0	0	0
PTPA	0	1	0	0	0	0	0
PTPN11	0	1	0	0	0	0	0
PTPN13	0	1	0	0	0	0	0
PTPN7	0	1	0	0	0	0	0
PTPRA	0	1	0	0	0	0	0
PTRHD1	0	1	0	0	0	0	0
PUDP	0	1	0	0	0	0	0
PURA	0	1	0	0	0	0	0
PURB	0	1	0	0	0	0	0
PYCR3	0	1	0	0	0	0	0
PYGB	0	1	0	0	0	0	1
QDPR	0	1	0	0	0	0	0
QPRT	0	1	0	0	0	0	0
RAB11B	0	1	0	0	0	0	0
RAB11FIP1	0	1	0	0	0	0	0
RAB11FIP2	0	1	0	0	0	0	0
RAB11FIP5	0	1	0	0	0	0	0
RAB20	0	1	0	0	0	0	0
RAB23	0	1	0	0	0	0	0
RAB24	0	1	0	0	0	0	0
RAB27A	0	1	0	0	0	0	0
RAB31	0	1	0	0	0	0	0
RAB3GAP1	0	1	0	0	0	0	0
RAB3IP	0	1	0	0	0	0	0
RAB43	0	1	0	0	0	0	0
RAB4A	0	1	0	0	0	0	0
RAB9A	0	1	0	0	0	0	0
RABGAP1	0	1	0	0	0	0	0
RABGGTA	0	1	0	0	0	0	0
RAC2	0	1	0	0	0	0	0
RAI14	0	1	0	0	0	0	0
RALGAPB	0	1	0	0	0	0	0
RANBP1	0	1	0	0	0	0	0
RAP1GDS1	0	1	0	0	0	0	0
RAPGEF2	0	1	0	0	0	0	0
RASA2	0	1	0	0	0	0	0
RASAL1	0	1	0	0	0	0	0
RASEF	0	1	0	0	0	0	0
RBKS	0	1	0	0	0	0	0
RDH10	0	1	0	0	0	0	0
RDH11	0	1	0	0	0	0	0
RDH14	0	1	0	0	0	0	0
RECQL5	0	1	0	0	0	0	0
RELA	0	1	0	0	0	0	0
RENBP	0	1	0	0	0	0	0
RER1	0	1	0	0	0	0	0
REXO2	0	1	0	0	0	0	0
RFFL	0	1	0	0	0	0	0
RHOB	0	1	0	0	0	0	0
RHPN2	0	1	0	0	0	0	0
RIDA	0	1	0	0	0	0	0
RIMOC1	0	1	0	0	0	0	0
RIPK1	0	1	0	0	0	0	0
RIPOR1	0	1	0	0	0	0	0
RIT1	0	1	0	0	0	0	0
RMC1	0	1	0	0	0	0	0
RNASE1	0	1	0	0	0	0	0
RNF114	0	1	0	0	0	0	0
RNF115	0	1	0	0	0	0	0
RNF130	0	1	0	0	0	0	0
RO60	0	1	0	0	0	0	0
ROCK2	0	1	0	0	0	0	0
RPL10A	0	1	0	0	0	0	0
RPL12	0	1	0	0	0	0	0
RPL13A	0	1	0	0	0	0	0
RPL18A	0	1	0	0	0	0	1
RPL19	0	1	0	0	0	0	0
RPL21	0	1	0	0	0	0	0
RPL26	0	1	0	0	0	0	0
RPL28	0	1	0	0	0	0	0
RPL29	0	1	0	0	0	0	0
RPL34	0	1	0	0	1	0	0
RPL35A	0	1	0	0	0	0	0
RPL37A	0	1	0	0	0	0	0
RPL38	0	1	0	0	0	0	0
RPL5	0	1	0	0	0	0	0
RPL7	0	1	0	0	0	1	0
RPLP0	0	1	0	0	0	1	1
RPS10	0	1	0	0	0	0	0
RPS23	0	1	0	0	1	1	0
RPS24	0	1	0	0	0	0	0
RPS25	0	1	0	0	0	0	0
RPS27	0	1	0	0	0	0	0
RPS27A	0	1	0	0	0	0	0
RPS28	0	1	0	0	0	0	0
RPS6KA3	0	1	0	0	0	0	0
RRAD	0	1	0	0	0	0	0
RSU1	0	1	0	0	0	0	0
RTCB	0	1	0	0	0	0	0
RTRAF	0	1	0	0	0	0	0
S100A12	0	1	0	0	0	0	0
SAA3	0	1	0	0	0	0	0
SAA4	0	1	0	0	1	0	0
SARAF	0	1	0	0	0	0	0
SBDS	0	1	0	0	0	0	0
SBF1	0	1	0	0	0	0	0
SCAMP3	0	1	0	0	0	0	0
SCCPDH	0	1	0	0	0	0	0
SCD	0	1	0	0	0	0	0
SCGB1D	0	1	0	0	0	0	0
SDK1	0	1	0	0	0	0	0
SEC13	0	1	0	0	0	0	0
SEC22B	0	1	0	0	0	0	0
SEC23A	0	1	0	0	0	0	0
SEC23B	0	1	0	0	0	0	0
SEC24C	0	1	0	0	0	0	0
SEC24D	0	1	0	0	0	0	0
SEC31A	0	1	0	0	0	0	0
SELENOP	0	1	0	0	0	0	0
SEPTIN11	0	1	0	0	0	0	0
SEPTIN7	0	1	0	0	0	0	0
SEPTIN8	0	1	0	0	0	0	0
SEPTIN9	0	1	0	0	0	0	0
SERBP1	0	1	0	0	0	0	0
SERPINB2	0	1	0	0	0	0	0
SERPINB5	0	1	0	0	0	0	0
SERPINB6	0	1	0	0	0	0	0
SGTA	0	1	0	0	0	0	0
SH2D4A	0	1	0	0	0	0	0
SH3BGRL2	0	1	0	0	0	0	0
SH3BP5	0	1	0	0	0	0	0
SH3GL1	0	1	0	0	0	0	0
SH3GLB1	0	1	0	0	0	0	0
SH3GLB2	0	1	0	0	0	0	0
SHANK2	0	1	0	0	0	0	0
SHC1	0	1	0	0	0	0	0
SHISA5	0	1	0	0	0	0	0
SHISAL2B	0	1	0	0	0	0	0
SHPK	0	1	0	0	0	0	0
SHTN1	0	1	0	0	0	0	0
SIRT2	0	1	0	0	0	0	0
SKIC8	0	1	0	0	0	0	0
SKP1	0	1	0	0	0	0	0
SLC12A2	0	1	0	0	0	0	0
SLC1A2	0	1	0	0	0	0	0
SLC22A23	0	1	0	0	0	0	0
SLC7A1	0	1	0	0	0	0	0
SLC7A10	0	1	0	0	0	0	0
SLC7A8	0	1	0	0	0	0	0
SLC8A1	0	1	0	0	0	0	0
SMAD1	0	1	0	0	0	0	0
SMAD5	0	1	0	0	0	0	0
SMIM1	0	1	0	0	0	0	0
SMIM5	0	1	0	0	0	0	0
SMS	0	1	0	0	0	0	0
SNAP29	0	1	0	0	0	0	0
SNF8	0	1	0	0	0	0	0
SNTB1	0	1	0	0	0	0	0
SNX12	0	1	0	0	0	0	0
SNX2	0	1	0	0	0	0	0
SNX3	0	1	0	0	0	0	0
SNX5	0	1	0	0	0	0	0
SNX9	0	1	0	0	0	0	0
SORD	0	1	0	0	0	0	0
SPADH1	0	1	0	0	0	0	0
SPECC1L	0	1	0	0	0	0	0
SPPL2B	0	1	0	0	0	0	0
SPR	0	1	0	0	0	0	0
SRA1	0	1	0	0	0	0	0
SRGN	0	1	0	0	0	0	0
SRM	0	1	0	0	0	0	0
SSH3	0	1	0	0	0	0	0
ST14	0	1	0	0	0	0	0
STAC2	0	1	0	0	0	0	0
STAM2	0	1	0	0	0	0	0
STARD10	0	1	0	0	0	0	0
STAT1	0	1	0	0	0	0	0
STAT3	0	1	0	0	0	0	0
STAT5A	0	1	0	0	0	0	0
STK11	0	1	0	0	0	0	0
STK24	0	1	0	0	0	0	0
STK25	0	1	0	0	0	0	0
STK26	0	1	0	0	0	0	0
STK38L	0	1	0	0	0	0	0
STON2	0	1	0	0	0	0	0
STRAP	0	1	0	0	0	0	0
STUB1	0	1	0	0	0	0	0
STX12	0	1	0	0	0	0	0
STX19	0	1	0	0	0	0	0
STXBP3	0	1	0	0	0	0	0
STXBP6	0	1	0	0	0	0	0
SULF2	0	1	0	0	0	1	1
SULT1A1	0	1	0	0	0	0	0
SUOX	0	1	0	0	0	0	0
SYMPK	0	1	0	0	0	0	0
SYNCRIP	0	1	0	0	0	0	0
SYPL1	0	1	0	0	0	0	0
SYT4	0	1	0	0	0	0	0
SYTL2	0	1	0	0	0	0	0
TACR1	0	1	0	0	0	0	0
TAOK1	0	1	0	0	0	0	0
TATDN1	0	1	0	0	0	0	0
TAX1BP1	0	1	0	0	0	0	0
TBC1D9B	0	1	0	0	0	0	0
TBCA	0	1	0	0	0	0	0
TBCC	0	1	0	0	0	0	0
TCAF2	0	1	0	0	0	0	0
TCEB2	0	1	0	0	0	0	0
TCIRG1	0	1	0	0	0	0	0
TCN2	0	1	0	0	0	0	0
TECTB	0	1	0	0	0	0	0
TENT5D	0	1	0	0	0	0	0
TES	0	1	0	0	0	0	0
TGFBR1	0	1	0	0	0	0	0
THOP1	0	1	0	0	0	0	0
THTPA	0	1	0	0	0	0	0
TICAM2	0	1	0	0	0	0	0
TIMP3	0	1	0	0	0	0	0
TIPRL	0	1	0	0	0	0	0
TJP2	0	1	0	0	0	0	0
TKFC	0	1	0	0	0	0	0
TKTL2	0	1	0	0	0	0	0
TLR4	0	1	0	0	0	0	0
TLR6	0	1	0	0	0	0	0
TMED4	0	1	0	0	0	0	0
TMEM102	0	1	0	0	0	0	0
TMEM120B	0	1	0	0	0	0	0
TMEM266	0	1	0	0	0	0	0
TNPO1	0	1	0	0	0	0	0
TOM1L2	0	1	0	0	0	0	0
TP53I3	0	1	0	0	0	0	0
TPD52L1	0	1	0	0	0	0	0
TPD52L2	0	1	0	0	0	0	0
TPK1	0	1	0	0	0	0	0
TPRG1L	0	1	0	0	0	0	0
TRAPPC1	0	1	0	0	0	0	0
TRAPPC11	0	1	0	0	0	0	0
TRAPPC4	0	1	0	0	0	0	0
TRAPPC6B	0	1	0	0	0	0	0
TRIM4	0	1	0	0	0	0	0
TRIOBP	0	1	0	0	0	0	0
TRPC4AP	0	1	0	0	0	0	0
TSN	0	1	0	0	0	0	0
TSPAN19	0	1	0	0	0	0	0
TTC39A	0	1	0	0	0	0	0
TTC39C	0	1	0	0	0	0	0
TTC7B	0	1	0	0	0	0	0
TUBB4A	0	1	0	0	0	0	0
TUBB5	0	1	0	0	0	1	0
TWF1	0	1	0	0	0	0	0
TXNDC17	0	1	0	0	0	0	0
UAP1	0	1	0	0	0	0	1
UBE2F	0	1	0	0	0	0	0
UBE2G2	0	1	0	0	0	0	0
UBE2I	0	1	0	0	0	0	0
UBE2K	0	1	0	0	0	0	0
UBE2V2	0	1	0	0	0	0	0
UBE2Z	0	1	0	0	0	0	0
UBFD1	0	1	0	0	0	0	0
UBL3	0	1	0	0	0	0	0
UBTD1	0	1	0	0	0	0	0
UBXN4	0	1	0	0	0	0	0
UBXN6	0	1	0	0	0	0	0
UCHL3	0	1	0	0	0	0	0
UFM1	0	1	0	0	0	0	0
ULK3	0	1	0	0	0	0	0
UMPS	0	1	0	0	0	0	0
UNC13B	0	1	0	0	0	0	0
UROD	0	1	0	0	0	0	0
USO1	0	1	0	0	0	0	0
USP14	0	1	0	0	0	0	0
USP8	0	1	0	0	0	0	0
USP9X	0	1	0	0	0	0	0
VAMP3	0	1	0	0	0	0	0
VARS1	0	1	0	0	0	0	0
VAV2	0	1	0	0	0	0	0
VBP1	0	1	0	0	0	0	0
VPS13C	0	1	0	0	0	0	0
VPS26B	0	1	0	0	0	0	0
VPS29	0	1	0	0	0	0	0
VPS45	0	1	0	0	0	0	0
WASF2	0	1	0	0	0	0	0
WDFY1	0	1	0	0	0	0	0
WDR13	0	1	0	0	0	0	0
WDR20	0	1	0	0	0	0	0
WDR48	0	1	0	0	0	0	0
WDR77	0	1	0	0	0	0	0
WIPI1	0	1	0	0	0	0	0
WWP2	0	1	0	0	0	0	0
XPNPEP1	0	1	0	0	0	0	1
XYLB	0	1	0	0	0	0	0
YBX1	0	1	0	0	0	0	0
ZC3H15	0	1	0	0	0	0	0
ZDHHC14	0	1	0	0	0	0	0
ZDHHC20	0	1	0	0	0	0	0
ZDHHC9	0	1	0	0	0	0	0
ZFAND2B	0	1	0	0	0	0	0
ZFYVE19	0	1	0	0	0	0	0
ZNF185	0	1	0	0	0	0	0
ZNRF2	0	1	0	0	0	0	0
ACAT2	0	0	0	1	0	0	0
ACYP2	0	0	0	1	0	0	0
AFP	0	0	0	1	0	0	1
ALDH1A3	0	0	0	1	0	0	0
AQP5	0	0	0	1	0	0	0
ARL8A	0	0	0	1	0	0	0
ASPH	0	0	0	1	0	0	0
ATP1A2	0	0	0	1	0	0	0
ATP1A3	0	0	0	1	0	0	0
ATP1B1	0	0	0	1	0	0	1
ATP6V1G2	0	0	0	1	0	0	0
BASP1	0	0	0	1	0	0	0
C11orf54	0	0	0	1	0	0	0
C1orf68	0	0	0	1	0	0	0
CABP5	0	0	0	1	0	0	0
CAPN5	0	0	0	1	0	0	0
CCL28	0	0	0	1	0	1	0
CFL2	0	0	0	1	0	0	0
CLDN23	0	0	0	1	0	0	0
CPD	0	0	0	1	0	0	0
CRY1	0	0	0	1	0	0	0
CRYL1	0	0	0	1	0	0	0
CUX1	0	0	0	1	0	0	0
DXO	0	0	0	1	0	0	0
EFHD1	0	0	0	1	0	0	0
EIF5A2	0	0	0	1	0	0	0
ENO2	0	0	0	1	0	0	0
FKBP1A	0	0	0	1	0	0	0
GCC2	0	0	0	1	0	0	0
GDF10	0	0	0	1	0	0	0
GNAL	0	0	0	1	0	0	0
HNRNPA1	0	0	0	1	0	0	0
HNRNPA2B1	0	0	0	1	0	0	0
HNRNPU	0	0	0	1	0	0	0
HSD17B11	0	0	0	1	0	0	0
HSPD1	0	0	0	1	0	0	0
HSPE1	0	0	0	1	0	0	0
KRT13	0	0	0	1	0	0	0
KRT39	0	0	0	1	0	0	0
KRT4	0	0	0	1	0	0	0
LOC106822271	0	0	0	1	0	0	0
LOC106823492	0	0	0	1	0	0	0
LOC106825312	0	0	0	1	0	0	0
LOC106826008	0	0	0	1	0	0	0
LOC106826468	0	0	0	1	0	0	0
LOC106827032	0	0	0	1	0	0	0
LOC106827366	0	0	0	1	0	0	0
LOC106828097	0	0	0	1	0	0	0
LOC106829109	0	0	0	1	0	0	0
LOC106829247	0	0	0	1	0	0	0
LOC106829609	0	0	0	1	0	0	0
LOC106831114	0	0	0	1	0	0	0
LOC106835243	0	0	0	1	0	0	0
LOC106836861	0	0	0	1	0	0	0
LOC106840848	0	0	0	1	0	0	0
LOC106840878	0	0	0	1	0	0	0
LOC106842058	0	0	0	1	0	0	0
LOC106847249	0	0	0	1	0	0	0
LOC106847250	0	0	0	1	0	0	0
LOC123279017	0	0	0	1	0	0	0
LOC123279803	0	0	0	1	0	0	0
MACROD1	0	0	0	1	0	0	0
MBP	0	0	0	1	1	1	0
MOB1B	0	0	0	1	0	0	0
NIPBL	0	0	0	1	0	0	0
P2RX7	0	0	0	1	0	0	0
PEF1	0	0	0	1	0	0	0
PERP	0	0	0	1	0	0	0
PFN2	0	0	0	1	0	0	0
PGAM2	0	0	0	1	0	0	0
PKP1	0	0	0	1	0	0	0
PLS1	0	0	0	1	0	0	0
PRSS2	0	0	0	1	0	0	0
PTPRZ1	0	0	0	1	0	0	0
RBP3	0	0	0	1	0	0	0
S100A16	0	0	0	1	0	0	0
SCGN	0	0	0	1	0	0	0
SERPINB12	0	0	0	1	0	0	0
SLC36A1	0	0	0	1	0	0	0
SNAP91	0	0	0	1	0	0	0
STX1B	0	0	0	1	0	0	0
SUMO2	0	0	0	1	0	0	0
SYT1	0	0	0	1	0	0	0
TAMALIN	0	0	0	1	0	0	0
TGM1	0	0	0	1	0	0	0
THY1	0	0	0	1	0	0	0
TM7SF2	0	0	0	1	0	0	0
TMEM30B	0	0	0	1	0	0	0
TUSC3	0	0	0	1	0	0	0
VAMP2	0	0	0	1	0	0	0
VDAC1	0	0	0	1	0	0	0
VIM	0	0	0	1	1	1	0
VPS16	0	0	0	1	0	0	0
PDIA3	1	1	1	1	1	1	1
ARG1	1	0	1	1	0	0	0
CD55	1	0	1	1	0	0	0
SLC9A3R1	1	0	1	1	0	0	1
TUBB	1	0	1	1	0	0	1
ACTA1	1	1	0	1	0	0	0
ALDH9A1	1	1	0	1	0	0	1
ANXA7	1	1	0	1	0	0	0
ARF4	1	1	0	1	0	0	0
ARPC1B	1	1	0	1	0	0	0
ARPC2	1	1	0	1	0	0	0
ATP6V1A	1	1	0	1	0	0	0
BLVRB	1	1	0	1	0	0	1
CAB39	1	1	0	1	0	0	1
CAPN7	1	1	0	1	0	0	0
CAPZB	1	1	0	1	0	1	0
CD47	1	1	0	1	0	0	0
CDC42	1	1	0	1	1	1	1
CHMP1A	1	1	0	1	0	0	0
CHMP2B	1	1	0	1	0	0	1
CKB	1	1	0	1	0	0	0
CLU	1	1	0	1	1	1	0
CNP	1	1	0	1	0	1	1
CSRP1	1	1	0	1	0	0	0
CYB5R3	1	1	0	1	0	0	0
CYBRD1	1	1	0	1	0	0	0
DCXR	1	1	0	1	0	0	0
DDAH1	1	1	0	1	0	0	0
DNAJA2	1	1	0	1	0	0	0
DSC1	1	1	0	1	0	0	0
DSTN	1	1	0	1	0	0	1
FABP3	1	1	0	1	1	1	0
FABP5	1	1	0	1	0	0	0
FH	1	1	0	1	0	0	0
GOLGA7	1	1	0	1	0	0	0
LAMP1	1	1	0	1	0	0	0
MARCKS	1	1	0	1	0	0	1
OCLN	1	1	0	1	0	0	0
PACSIN3	1	1	0	1	0	1	1
PCBP1	1	1	0	1	0	1	1
PDCD10	1	1	0	1	0	0	1
PDZK1IP1	1	1	0	1	0	1	1
PGM1	1	1	0	1	0	1	1
PITPNB	1	1	0	1	0	0	0
PODXL	1	1	0	1	0	0	0
PRDX6	1	1	0	1	0	1	1
PROM1	1	1	0	1	0	0	0
PTPRJ	1	1	0	1	0	0	0
RAB2B	1	1	0	1	0	0	0
RAN	1	1	0	1	0	0	0
RP2	1	1	0	1	0	0	0
RPS2	1	1	0	1	0	1	0
RRAS	1	1	0	1	0	0	1
RRAS2	1	1	0	1	0	0	1
SLC11A2	1	1	0	1	0	0	0
SLC44A2	1	1	0	1	0	0	0
SLC5A1	1	1	0	1	0	0	0
SNAP23	1	1	0	1	0	0	0
SOD1	1	1	0	1	0	0	0
SSR1	1	1	0	1	0	0	0
STIP1	1	1	0	1	0	0	0
TM9SF4	1	1	0	1	0	0	0
TPM3	1	1	0	1	0	0	0
TSPAN14	1	1	0	1	0	0	0
UBA1	1	1	0	1	0	0	1
UBE2V1	1	1	0	1	0	0	1
YWHAZ	1	1	0	1	1	1	1
ABHD17C	1	1	0	0	0	0	0
ACE2	1	1	0	0	0	0	0
ACTN1	1	1	0	0	0	1	1
ADAM9	1	1	0	0	0	0	0
ADGRG2	1	1	0	0	0	0	0
ALAD	1	1	0	0	0	0	0
ALPL	1	1	0	0	0	0	0
AP2B1	1	1	0	0	0	0	0
APEH	1	1	0	0	0	0	0
APPL1	1	1	0	0	0	0	0
APPL2	1	1	0	0	0	0	0
APRT	1	1	0	0	0	0	0
ARF6	1	1	0	0	0	0	0
ARHGEF1	1	1	0	0	0	0	0
ARL6IP1	1	1	0	0	0	0	0
ARL6IP5	1	1	0	0	0	0	0
ARPC5	1	1	0	0	0	1	1
ARRB1	1	1	0	0	0	0	0
ASS1	1	1	0	0	0	0	1
ATP13A4	1	1	0	0	0	0	1
ATRN	1	1	0	0	0	1	1
AZGP1	1	1	0	0	0	1	0
BANF1	1	1	0	0	0	0	0
BDH2	1	1	0	0	0	0	0
BLMH	1	1	0	0	0	0	0
BPNT1	1	1	0	0	0	0	1
CAB39L	1	1	0	0	0	0	0
CAND1	1	1	0	0	0	0	0
CANX	1	1	0	0	0	0	0
CCT4	1	1	0	0	1	1	1
CD46	1	1	0	0	0	0	0
CEACAM1	1	1	0	0	0	0	0
CHI3L1	1	1	0	0	1	1	1
CHMP1B	1	1	0	0	1	1	0
CIAO1	1	1	0	0	0	0	0
CKAP5	1	1	0	0	0	0	0
COPB1	1	1	0	0	0	0	0
COPB2	1	1	0	0	0	0	0
COPG1	1	1	0	0	0	0	0
COTL1	1	1	0	0	0	1	0
CPNE1	1	1	0	0	0	0	0
CPNE3	1	1	0	0	0	0	0
CRYZ	1	1	0	0	0	0	0
CSNK1A1	1	1	0	0	0	0	0
CSTB	1	1	0	0	0	0	0
CTNNA1	1	1	0	0	0	0	0
CTNND1	1	1	0	0	0	0	0
CTSB	1	1	0	0	0	0	0
CTSC	1	1	0	0	0	1	1
CTSS	1	1	0	0	0	0	0
CYFIP1	1	1	0	0	0	0	0
DARS1	1	1	0	0	0	0	0
DBI	1	1	0	0	0	0	0
DHRS7	1	1	0	0	0	0	0
DNAJA1	1	1	0	0	0	0	0
DNAJC5	1	1	0	0	0	0	0
EEF1G	1	1	0	0	1	1	1
EIF2S1	1	1	0	0	0	0	0
EIF3A	1	1	0	0	0	1	0
EIF3E	1	1	0	0	0	0	0
EIF3G	1	1	0	0	0	0	0
EIF4A1	1	1	0	0	0	0	1
ELANE	1	1	0	0	0	0	0
EPHB3	1	1	0	0	0	1	1
ESD	1	1	0	0	0	0	0
EXOC2	1	1	0	0	0	0	0
F11R	1	1	0	0	0	0	0
FARSA	1	1	0	0	0	0	0
FLNA	1	1	0	0	0	0	0
FLNB	1	1	0	0	0	1	1
FLOT1	1	1	0	0	0	0	0
GCN1	1	1	0	0	0	0	0
GGT5	1	1	0	0	0	0	0
GIPC1	1	1	0	0	0	0	0
GLOD4	1	1	0	0	0	0	1
GMDS	1	1	0	0	0	0	1
GNG5	1	1	0	0	0	0	1
GPM6B	1	1	0	0	0	0	1
GSS	1	1	0	0	0	0	0
GSTP1	1	1	0	0	0	1	0
GUSB	1	1	0	0	0	1	1
HARS1	1	1	0	0	0	0	0
HEBP2	1	1	0	0	0	0	1
HGS	1	1	0	0	0	0	0
HP	1	1	0	0	0	1	0
IGSF8	1	1	0	0	0	0	0
IPO5	1	1	0	0	0	0	0
ITGAV	1	1	0	0	0	0	0
ITGB1	1	1	0	0	0	0	0
KCTD14	1	1	0	0	1	0	0
KIF5B	1	1	0	0	0	0	0
KRT2	1	1	0	0	1	1	0
KRT6A	1	1	0	0	1	1	0
LCP1	1	1	0	0	1	1	1
LSR	1	1	0	0	0	0	1
MAL2	1	1	0	0	0	0	0
MARCKSL1	1	1	0	0	1	1	1
MGRN1	1	1	0	0	0	0	0
MPO	1	1	0	0	0	1	0
MPST	1	1	0	0	0	0	0
MPZL1	1	1	0	0	0	0	0
MYL6	1	1	0	0	0	1	0
MYO6	1	1	0	0	0	0	1
NCKAP1	1	1	0	0	0	0	0
NDRG2	1	1	0	0	0	0	0
NSF	1	1	0	0	0	0	0
OLA1	1	1	0	0	0	0	1
OLFM4	1	1	0	0	0	1	0
PAICS	1	1	0	0	0	0	0
PAK4	1	1	0	0	0	0	0
PALS1	1	1	0	0	0	0	0
PATJ	1	1	0	0	0	0	0
PCBD1	1	1	0	0	0	0	0
PCYT2	1	1	0	0	0	0	0
PGM2	1	1	0	0	0	0	0
PHGDH	1	1	0	0	0	0	0
PHPT1	1	1	0	0	0	0	0
PNP	1	1	0	0	0	0	0
PRDX2	1	1	0	0	0	0	0
PREP	1	1	0	0	0	0	0
PRKCSH	1	1	0	0	0	1	1
PSMA7	1	1	0	0	0	0	0
PSMB7	1	1	0	0	0	0	1
PSMB8	1	1	0	0	0	0	1
PSMD11	1	1	0	0	0	0	0
PTGES3	1	1	0	0	0	0	0
PTGFRN	1	1	0	0	0	1	1
PTPN6	1	1	0	0	0	0	0
PYGL	1	1	0	0	0	0	0
QSOX1	1	1	0	0	0	1	1
RAB33B	1	1	0	0	0	0	1
RARS1	1	1	0	0	0	0	0
REEP5	1	1	0	0	0	0	0
RNH1	1	1	0	0	0	0	0
RNPEP	1	1	0	0	0	0	0
ROCK1	1	1	0	0	0	0	0
RPL11	1	1	0	0	0	0	1
RPL15	1	1	0	0	0	0	1
RPL17	1	1	0	0	0	0	0
RPL30	1	1	0	0	0	0	1
RPL35	1	1	0	0	0	0	0
RPL6	1	1	0	0	0	0	1
RPLP1	1	1	0	0	0	0	0
RPS12	1	1	0	0	0	0	0
RPS15A	1	1	0	0	0	0	0
RPS19	1	1	0	0	1	0	0
S100A11	1	1	0	0	0	0	1
S100A8	1	1	0	0	0	0	0
S100A9	1	1	0	0	0	0	0
S100B	1	1	0	0	0	0	0
SCAMP4	1	1	0	0	0	0	0
SEPTIN2	1	1	0	0	0	0	0
SH3BGRL	1	1	0	0	0	0	0
SIL1	1	1	0	0	1	1	1
SIRPA	1	1	0	0	0	0	0
SNX1	1	1	0	0	0	0	0
SNX18	1	1	0	0	0	1	0
SPCS2	1	1	0	0	0	0	0
SPINT1	1	1	0	0	0	1	1
SPTAN1	1	1	0	0	0	0	0
SPTBN1	1	1	0	0	0	0	0
SUSD2	1	1	0	0	0	0	0
SYNGR2	1	1	0	0	0	0	0
TALDO1	1	1	0	0	0	1	0
TAOK3	1	1	0	0	0	0	0
TBC1D10A	1	1	0	0	0	0	0
TCP1	1	1	0	0	0	0	0
TFG	1	1	0	0	0	0	0
TLN1	1	1	0	0	0	0	0
TMED10	1	1	0	0	0	0	0
TMEM125	1	1	0	0	0	0	0
TMEM171	1	1	0	0	0	0	0
TMEM30A	1	1	0	0	0	0	0
TNC	1	1	0	0	1	1	1
TPM1	1	1	0	0	0	0	0
TPMT	1	1	0	0	0	0	0
TRIM25	1	1	0	0	0	0	0
TSPAN4	1	1	0	0	0	1	1
TXNDC5	1	1	0	0	0	1	1
TXNRD1	1	1	0	0	0	0	0
UBA5	1	1	0	0	0	0	0
UBE2N	1	1	0	0	0	1	0
VPS26A	1	1	0	0	0	0	0
VPS35	1	1	0	0	0	0	0
VPS36	1	1	0	0	0	0	0
WASL	1	1	0	0	0	0	0
YES1	1	1	0	0	0	0	0
ZG16B	1	1	0	0	0	0	0
ATP5F1A	0	0	1	1	0	0	0
ATP5F1B	0	0	1	1	0	0	0
DPP4	0	0	1	1	0	0	0
HSPA1L	0	0	1	1	0	0	1
SPP1	0	0	1	1	0	1	1
VDAC2	0	0	1	1	0	0	0
AACS	1	1	1	0	0	0	0
ADH5	1	1	1	0	0	0	1
AHCY	1	1	1	0	0	1	1
ALDH7A1	1	1	1	0	0	0	1
ANXA4	1	1	1	0	0	0	0
ANXA6	1	1	1	0	0	0	0
APMAP	1	1	1	0	0	0	0
APOH	1	1	1	0	1	1	1
ATP6V1E1	1	1	1	0	0	0	0
B2M	1	1	1	0	0	0	0
BCAP31	1	1	1	0	0	0	0
C3	1	1	1	0	1	1	1
C4BPA	1	1	1	0	0	0	0
CAPG	1	1	1	0	0	1	1
CAPN1	1	1	1	0	0	0	0
CASP14	1	1	1	0	0	0	0
CCT7	1	1	1	0	0	0	1
CD59	1	1	1	0	1	0	0
CD81	1	1	1	0	0	0	0
CFL1	1	1	1	0	0	1	1
CIB1	1	1	1	0	0	1	1
CSN1S1	1	1	1	0	1	1	1
DDOST	1	1	1	0	0	0	0
DYNC1H1	1	1	1	0	0	0	1
EPHX1	1	1	1	0	0	0	0
ERP29	1	1	1	0	0	0	0
F2	1	1	1	0	1	1	1
FGG	1	1	1	0	1	1	1
FLOT2	1	1	1	0	0	0	0
FOLR1	1	1	1	0	0	0	0
FRK	1	1	1	0	0	0	0
G6PD	1	1	1	0	0	0	0
GANAB	1	1	1	0	1	1	1
GLG1	1	1	1	0	1	1	1
GLIPR2	1	1	1	0	1	1	1
GNA13	1	1	1	0	0	0	0
GNAS	1	1	1	0	0	1	1
GPRC5B	1	1	1	0	1	1	1
GSN	1	1	1	0	1	1	1
HYOU1	1	1	1	0	1	1	1
IGF2R	1	1	1	0	0	1	1
IQGAP1	1	1	1	0	0	1	1
ITGA6	1	1	1	0	0	1	0
LIPG	1	1	1	0	0	0	0
LMAN2	1	1	1	0	0	1	0
LRP2	1	1	1	0	0	0	0
LTA4H	1	1	1	0	1	0	1
LY96	1	1	1	0	0	0	0
MYH9	1	1	1	0	0	1	1
MYO1C	1	1	1	0	0	0	1
NIBAN2	1	1	1	0	0	0	1
PA2G4	1	1	1	0	0	0	1
PCYOX1	1	1	1	0	0	0	0
PDIA4	1	1	1	0	0	1	0
PDIA6	1	1	1	0	0	0	1
PFN1	1	1	1	0	0	1	1
PGAM1	1	1	1	0	0	1	1
PLG	1	1	1	0	0	1	0
PPIA	1	1	1	0	1	1	1
PRNP	1	1	1	0	0	1	1
PRSS8	1	1	1	0	0	0	0
PSMA1	1	1	1	0	0	1	1
PSMA2	1	1	1	0	0	0	0
PSMA4	1	1	1	0	0	0	1
PSMA5	1	1	1	0	0	1	1
PSMA6	1	1	1	0	0	0	1
PSMB1	1	1	1	0	0	0	1
RAB13	1	1	1	0	0	0	1
RAB8A	1	1	1	0	0	0	1
RACK1	1	1	1	0	0	0	1
RHOG	1	1	1	0	0	0	0
RNF128	1	1	1	0	0	0	0
RPL14	1	1	1	0	0	1	1
RPL32	1	1	1	0	0	0	1
RPL4	1	1	1	0	0	0	1
RPN1	1	1	1	0	0	0	0
RPN2	1	1	1	0	0	0	0
RPS18	1	1	1	0	0	1	1
RPS3A	1	1	1	0	0	0	1
RPS8	1	1	1	0	0	0	1
RPS9	1	1	1	0	0	0	1
RTN4	1	1	1	0	0	0	0
SARS1	1	1	1	0	0	1	1
SELENBP1	1	1	1	0	0	0	1
SERPINB1	1	1	1	0	0	0	0
SERPINC1	1	1	1	0	0	1	0
SH3BGRL3	1	1	1	0	1	1	1
SLC28A3	1	1	1	0	0	0	0
SPINT2	1	1	1	0	0	0	0
SPPL2A	1	1	1	0	0	0	0
STEAP4	1	1	1	0	0	0	0
SURF4	1	1	1	0	0	0	0
TARS1	1	1	1	0	0	0	0
TF	1	1	1	0	1	1	1
TM9SF3	1	1	1	0	0	0	0
TMC4	1	1	1	0	0	0	0
TMC5	1	1	1	0	0	0	0
TMED2	1	1	1	0	0	0	0
TMED9	1	1	1	0	0	0	0
TMPRSS2	1	1	1	0	0	0	0
TOLLIP	1	1	1	0	0	0	0
TOM1	1	1	1	0	0	0	0
TOM1L1	1	1	1	0	0	0	0
TSPAN9	1	1	1	0	0	0	0
UBE2L3	1	1	1	0	0	0	0
UGGT1	1	1	1	0	0	0	0
USP5	1	1	1	0	0	0	0
VCL	1	1	1	0	0	1	1
WARS1	1	1	1	0	0	1	1
XDH	1	1	1	0	1	1	1
YWHAQ	1	1	1	0	0	0	1
ACACA	0	1	1	0	0	0	0
ACTG2	0	1	1	0	0	0	0
ACTR1A	0	1	1	0	0	0	0
ADGRL2	0	1	1	0	0	0	0
AGPAT1	0	1	1	0	1	0	1
AGR2	0	1	1	0	0	0	0
AGRN	0	1	1	0	1	1	1
AP2S1	0	1	1	0	0	0	0
APLP2	0	1	1	0	0	1	1
ATP2C2	0	1	1	0	0	0	0
BSPRY	0	1	1	0	0	0	0
C1GALT1C1	0	1	1	0	0	0	0
C1QA	0	1	1	0	0	0	0
CD2AP	0	1	1	0	0	0	0
CLDN7	0	1	1	0	0	0	0
CNTFR	0	1	1	0	0	0	0
COBLL1	0	1	1	0	0	0	0
COMT	0	1	1	0	0	0	0
CRISPLD2	0	1	1	0	0	0	0
CSAD	0	1	1	0	0	0	0
CSF2RB	0	1	1	0	0	0	0
CSN1S2	0	1	1	0	0	1	1
DHRS1	0	1	1	0	1	0	0
DNAJB9	0	1	1	0	0	0	0
DNAJC3	0	1	1	0	1	0	1
EIF5A	0	1	1	0	0	0	0
ERLEC1	0	1	1	0	0	0	0
FAM20A	0	1	1	0	0	0	0
FDPS	0	1	1	0	0	0	0
FGA	0	1	1	0	0	1	0
FGB	0	1	1	0	1	1	1
FN1	0	1	1	0	1	1	1
FUCA1	0	1	1	0	0	1	1
GARS1	0	1	1	0	0	0	0
GFRA2	0	1	1	0	0	0	0
GLT8D1	0	1	1	0	0	0	0
GLYCAM1	0	1	1	0	0	1	0
GMPR2	0	1	1	0	0	0	1
GNAO1	0	1	1	0	0	0	0
GRN	0	1	1	0	1	0	0
HHIPL2	0	1	1	0	0	0	0
HINT1	0	1	1	0	0	0	0
HPN	0	1	1	0	0	0	0
HSPB1	0	1	1	0	0	0	0
HSPG2	0	1	1	0	1	1	1
ITCH	0	1	1	0	0	0	0
ITM2B	0	1	1	0	0	0	0
KRT71	0	1	1	0	0	0	0
LBP	0	1	1	0	0	0	0
LCN2	0	1	1	0	0	0	0
LGB	0	1	1	0	0	1	0
LNPEP	0	1	1	0	0	0	0
LPO	0	1	1	0	1	1	1
LRRC26	0	1	1	0	0	0	0
MAN1A1	0	1	1	0	0	1	1
MAN1A2	0	1	1	0	0	0	0
MAN2A1	0	1	1	0	0	0	1
MAPK1	0	1	1	0	0	0	0
MELTF	0	1	1	0	1	1	0
MGAT1	0	1	1	0	0	0	0
MGAT2	0	1	1	0	0	0	0
MIF	0	1	1	0	0	0	0
MLEC	0	1	1	0	0	1	0
MRI1	0	1	1	0	0	0	0
MTHFD1	0	1	1	0	0	0	0
MVB12B	0	1	1	0	0	0	0
NAALADL2	0	1	1	0	0	0	0
NAXE	0	1	1	0	1	1	1
OS9	0	1	1	0	1	1	1
P4HA1	0	1	1	0	0	0	0
PCDH1	0	1	1	0	0	0	0
PCMT1	0	1	1	0	0	1	0
PFKL	0	1	1	0	0	0	0
PGLYRP1	0	1	1	0	0	0	0
PPA1	0	1	1	0	0	0	0
PRSS23	0	1	1	0	1	1	0
PSAT1	0	1	1	0	0	0	0
PSMB4	0	1	1	0	0	0	1
PSME1	0	1	1	0	0	0	0
PSPH	0	1	1	0	0	0	0
PTP4A2	0	1	1	0	0	0	0
PTPRF	0	1	1	0	0	1	1
QSOX2	0	1	1	0	0	0	0
RAB11A	0	1	1	0	0	0	1
RAP2C	0	1	1	0	0	0	0
RHOF	0	1	1	0	0	0	0
RNASE4	0	1	1	0	1	1	1
RPL10	0	1	1	0	0	0	0
RPL24	0	1	1	0	0	0	0
RPL27	0	1	1	0	0	0	1
RPL3	0	1	1	0	0	0	1
RPL31	0	1	1	0	0	0	1
RPL36	0	1	1	0	0	0	1
RPL8	0	1	1	0	0	0	1
RPS11	0	1	1	0	0	0	1
RPS13	0	1	1	0	0	1	1
RPS16	0	1	1	0	0	0	0
RPS17	0	1	1	0	0	0	0
RPS20	0	1	1	0	0	1	1
RPS26	0	1	1	0	0	0	0
RPS29	0	1	1	0	0	0	1
RPS5	0	1	1	0	1	0	1
RPS7	0	1	1	0	0	0	1
SELENOF	0	1	1	0	0	0	0
SFT2D2	0	1	1	0	0	0	0
SH3BP4	0	1	1	0	0	0	0
SLC1A1	0	1	1	0	0	0	0
SLC1A5	0	1	1	0	0	0	0
SLC29A1	0	1	1	0	0	0	0
SLC38A2	0	1	1	0	0	0	0
SLC38A3	0	1	1	0	0	0	0
SLC5A9	0	1	1	0	0	0	0
SLC6A8	0	1	1	0	0	0	0
SLC7A4	0	1	1	0	0	0	0
SLC7A5	0	1	1	0	0	0	0
SND1	0	1	1	0	0	0	0
SPCS3	0	1	1	0	0	0	0
SRPRA	0	1	1	0	0	0	0
SSR4	0	1	1	0	0	0	0
TC2N	0	1	1	0	0	0	0
TFRC	0	1	1	0	0	0	0
TGFBR3	0	1	1	0	0	1	1
TM4SF18	0	1	1	0	0	0	0
TM9SF1	0	1	1	0	0	0	0
TMED5	0	1	1	0	0	0	0
TMEM106B	0	1	1	0	0	0	0
TMEM59	0	1	1	0	0	0	0
TMEM87A	0	1	1	0	0	0	0
TSPAN3	0	1	1	0	0	0	0
TXNL1	0	1	1	0	0	0	0
UXS1	0	1	1	0	0	0	0
VPS25	0	1	1	0	0	0	0
YARS1	0	1	1	0	0	0	0
ACSL3	0	1	1	1	0	0	1
ALDH1A1	0	1	1	1	0	0	0
CCT2	0	1	1	1	0	0	1
CHMP3	0	1	1	1	0	0	1
CHMP5	0	1	1	1	0	0	1
CHMP6	0	1	1	1	0	0	0
CIDEA	0	1	1	1	0	0	1
CMPK1	0	1	1	1	0	0	1
CSN3	0	1	1	1	1	1	1
DNASE1L1	0	1	1	1	0	0	0
EPS8L2	0	1	1	1	0	0	0
GALM	0	1	1	1	0	0	0
GFPT1	0	1	1	1	0	0	1
GIPC2	0	1	1	1	0	0	0
GOT1	0	1	1	1	0	0	1
HEBP1	0	1	1	1	0	0	0
HSPA6	0	1	1	1	0	0	0
IFFO1	0	1	1	1	0	0	1
KRAS	0	1	1	1	0	1	1
KRT3	0	1	1	1	0	0	1
LMAN1	0	1	1	1	0	0	0
MYADM	0	1	1	1	0	0	0
PLD3	0	1	1	1	0	0	0
RAB14	0	1	1	1	0	0	0
RAB5A	0	1	1	1	0	0	0
RAB5B	0	1	1	1	0	0	0
RAB6A	0	1	1	1	0	0	0
RAC1	0	1	1	1	0	1	1
RHEB	0	1	1	1	0	0	0
RHOC	0	1	1	1	0	0	0
RPL13	0	1	1	1	0	0	1
RPL18	0	1	1	1	0	0	1
RPL7A	0	1	1	1	0	1	0
RPS14	0	1	1	1	0	0	1
SAR1A	0	1	1	1	0	0	1
SAR1B	0	1	1	1	0	0	0
SCAMP2	0	1	1	1	0	0	0
SDC2	0	1	1	1	0	0	0
SEMA7A	0	1	1	1	0	0	0
SLC16A1	0	1	1	1	0	0	0
SLC31A1	0	1	1	1	0	0	0
SLC39A8	0	1	1	1	0	0	0
SLK	0	1	1	1	0	0	0
ST13	0	1	1	1	0	0	1
TMEM263	0	1	1	1	0	0	0
TPT1	0	1	1	1	0	1	1
TSPAN13	0	1	1	1	0	0	0
TTYH3	0	1	1	1	0	0	0
VPS37B	0	1	1	1	0	0	1
WBP2	0	1	1	1	0	0	1
YKT6	0	1	1	1	0	0	0
AK1	0	1	0	1	0	0	0
ALDOC	0	1	0	1	0	0	0
AP1B1	0	1	0	1	0	0	0
ARL8B	0	1	0	1	0	0	0
ARPC3	0	1	0	1	0	0	0
ASL	0	1	0	1	0	0	0
ATIC	0	1	0	1	0	0	1
ATP2B2	0	1	0	1	0	0	0
ATP6V1B2	0	1	0	1	0	0	0
ATP8B1	0	1	0	1	0	0	0
ATP9A	0	1	0	1	0	0	0
CD44	0	1	0	1	0	0	0
CD5L	0	1	0	1	0	1	0
CHMP4A	0	1	0	1	0	0	0
CMTM6	0	1	0	1	0	0	0
CORO1B	0	1	0	1	0	0	1
CRIP2	0	1	0	1	0	0	0
CTH	0	1	0	1	0	0	0
CYB561	0	1	0	1	0	0	0
CYRIB	0	1	0	1	0	0	0
EEF1A1	0	1	0	1	0	1	0
FAH	0	1	0	1	0	0	0
FBP1	0	1	0	1	0	0	0
FCAMR	0	1	0	1	0	0	0
FERMT2	0	1	0	1	0	0	0
FIS1	0	1	0	1	0	0	0
GALE	0	1	0	1	0	0	0
GDI1	0	1	0	1	0	0	1
GLO1	0	1	0	1	0	0	0
GMPPB	0	1	0	1	0	0	1
GPRC5C	0	1	0	1	0	1	1
HAGH	0	1	0	1	0	0	0
HPRT1	0	1	0	1	0	0	0
HSPA2	0	1	0	1	0	0	0
ITFG1	0	1	0	1	1	0	1
KRT24	0	1	0	1	0	0	0
LSS	0	1	0	1	0	0	0
MAPK13	0	1	0	1	0	0	0
MYO1D	0	1	0	1	0	1	1
NAPG	0	1	0	1	0	0	0
NPTN	0	1	0	1	0	0	0
NSDHL	0	1	0	1	0	0	0
NT5E	0	1	0	1	0	0	0
OSTF1	0	1	0	1	0	0	0
PGM3	0	1	0	1	0	0	0
PKN2	0	1	0	1	0	0	0
PMM2	0	1	0	1	0	0	0
PSEN1	0	1	0	1	0	0	0
PSMB6	0	1	0	1	0	1	0
PTP4A1	0	1	0	1	0	0	0
RAB22A	0	1	0	1	0	1	1
RAB3D	0	1	0	1	0	0	0
RAB8B	0	1	0	1	0	0	0
RAD23B	0	1	0	1	0	0	1
RHOU	0	1	0	1	0	0	0
RPL22	0	1	0	1	1	0	1
RPL23	0	1	0	1	0	0	0
RPL23A	0	1	0	1	0	0	0
RPL27A	0	1	0	1	0	0	0
RPS6	0	1	0	1	0	0	0
RPSA	0	1	0	1	0	1	0
SERPINB13	0	1	0	1	0	0	0
SFN	0	1	0	1	0	0	0
SH3YL1	0	1	0	1	0	0	1
SLC25A3	0	1	0	1	0	0	0
SPART	0	1	0	1	0	0	0
SPAST	0	1	0	1	0	0	0
STAMBP	0	1	0	1	0	0	0
STX7	0	1	0	1	0	0	0
STXBP1	0	1	0	1	0	0	1
SVIP	0	1	0	1	0	0	0
SYTL1	0	1	0	1	0	0	0
SYTL4	0	1	0	1	0	0	0
TAGLN2	0	1	0	1	0	1	1
TBC1D24	0	1	0	1	0	0	0
TMEM63A	0	1	0	1	0	0	0
TPD52	0	1	0	1	0	0	0
TTC38	0	1	0	1	0	0	0
UBE2M	0	1	0	1	0	0	0
UEVLD	0	1	0	1	0	0	0
YWHAH	0	1	0	1	0	0	1
CKAP4	1	0	1	0	0	0	0
DNAJB11	1	0	1	0	0	1	0
ERLIN2	1	0	1	0	0	0	0
EVA1A	1	0	1	0	0	0	0
GGCT	1	0	1	0	0	0	0
ITGB2	1	0	1	0	0	0	0
LGALS3BP	1	0	1	0	0	0	0
LHFPL2	1	0	1	0	0	0	0
NME1	1	0	1	0	0	0	1
PLSCR1	1	0	1	0	0	0	0
RBBP9	1	0	1	0	0	0	1
SLC13A2	1	0	1	0	0	0	0
STT3A	1	0	1	0	0	0	0
THBS1	1	0	1	0	1	1	1
VTN	1	0	1	0	0	1	1
ACSL4	1	0	0	1	0	1	1
ARHGDIB	1	0	0	1	0	0	0
ATP1A1	1	0	0	1	0	0	0
CHRDL2	1	0	0	1	1	1	1
CSTA	1	0	0	1	0	0	0
DPYSL2	1	0	0	1	0	0	1
ERO1A	1	0	0	1	0	0	0
GBA1	1	0	0	1	0	1	0
GOLM1	1	0	0	1	0	1	0
KRT16	1	0	0	1	1	0	0
KRT77	1	0	0	1	0	0	0
KRT80	1	0	0	1	0	0	0
LDHA	1	0	0	1	1	0	0
METTL7A	1	0	0	1	0	0	0
PDCD6	1	0	0	1	0	0	1
RAB27B	1	0	0	1	0	0	0
SCARB2	1	0	0	1	0	0	0
SERINC3	1	0	0	1	0	0	0
SLC15A2	1	0	0	1	0	0	0
SMPDL3B	1	0	0	1	0	1	1
TGM3	1	0	0	1	0	0	0
AHSG	0	0	0	0	0	1	1
ALG14	0	0	0	0	0	1	0
AMBP	0	0	0	0	0	1	0
AMY2B	0	0	0	0	0	1	0
APCS	0	0	0	0	0	1	0
ARFIP1	0	0	0	0	0	1	1
ATAD2	0	0	0	0	0	1	0
B4GAT1	0	0	0	0	0	1	1
BCAM	0	0	0	0	0	1	0
BMP1	0	0	0	0	0	1	1
BOLA-DRB3	0	0	0	0	0	1	0
BTD	0	0	0	0	0	1	1
C1S	0	0	0	0	0	1	0
C4	0	0	0	0	0	1	0
C4A	0	0	0	0	0	1	0
C5	0	0	0	0	0	1	1
C7	0	0	0	0	1	1	1
C8B	0	0	0	0	1	1	1
CA11	0	0	0	0	0	1	1
CALU	0	0	0	0	0	1	0
CCDC54	0	0	0	0	0	1	0
CENPL	0	0	0	0	0	1	0
CFD	0	0	0	0	0	1	0
CFI	0	0	0	0	1	1	1
CHI3L2	0	0	0	0	0	1	1
CHSY1	0	0	0	0	0	1	1
CLEC11A	0	0	0	0	0	1	1
CLEC3B	0	0	0	0	1	1	1
CLSTN1	0	0	0	0	1	1	1
COL3A1	0	0	0	0	0	1	0
COL4A2	0	0	0	0	0	1	1
COL4A3	0	0	0	0	0	1	0
COL6A1	0	0	0	0	0	1	0
CORO1A	0	0	0	0	0	1	0
CPE	0	0	0	0	0	1	0
CPQ	0	0	0	0	0	1	1
CRELD1	0	0	0	0	0	1	0
CRIM1	0	0	0	0	0	1	1
DAG1	0	0	0	0	1	1	1
DDR1	0	0	0	0	1	1	1
DNAAF1	0	0	0	0	0	1	0
DPM3	0	0	0	0	1	1	1
EFEMP1	0	0	0	0	1	1	1
EFEMP2	0	0	0	0	0	1	1
FAM3C	0	0	0	0	1	1	1
FAT2	0	0	0	0	0	1	1
FBLN1	0	0	0	0	0	1	1
FBLN5	0	0	0	0	0	1	1
FBN1	0	0	0	0	0	1	0
FCGBP	0	0	0	0	0	1	1
FREM2	0	0	0	0	0	1	0
FSTL1	0	0	0	0	1	1	1
FYN	0	0	0	0	0	1	1
GAA	0	0	0	0	0	1	1
GALNT1	0	0	0	0	1	1	1
GALNT10	0	0	0	0	0	1	1
GALNT2	0	0	0	0	0	1	1
GGH	0	0	0	0	0	1	1
GNS	0	0	0	0	1	1	1
HEXA	0	0	0	0	1	1	1
HEXB	0	0	0	0	0	1	0
HS6ST1	0	0	0	0	0	1	0
HSPA13	0	0	0	0	0	1	1
IGFBP2	0	0	0	0	0	1	1
ITGBL1	0	0	0	0	0	1	1
ITIH1	0	0	0	0	1	1	1
ITIH2	0	0	0	0	1	1	1
ITIH4	0	0	0	0	1	1	1
KLK11	0	0	0	0	0	1	1
KRT73	0	0	0	0	0	1	0
LAMB1	0	0	0	0	1	1	0
LOC515570	0	0	0	0	0	1	0
LOC539383	0	0	0	0	0	1	0
LOX	0	0	0	0	0	1	1
LTBP3	0	0	0	0	0	1	0
LUM	0	0	0	0	0	1	1
LYPD3	0	0	0	0	0	1	1
MANBA	0	0	0	0	0	1	1
MATN2	0	0	0	0	0	1	1
MED23	0	0	0	0	0	1	1
MEGF8	0	0	0	0	0	1	0
MINPP1	0	0	0	0	0	1	1
NDUFAF7	0	0	0	0	0	1	1
NID1	0	0	0	0	0	1	1
NR1H4	0	0	0	0	0	1	0
NUCB1	0	0	0	0	1	1	1
PAM	0	0	0	0	0	1	1
PI15	0	0	0	0	0	1	0
PLAT	0	0	0	0	0	1	0
PLOD3	0	0	0	0	1	1	1
PLXDC2	0	0	0	0	0	1	0
PNLIPRP1	0	0	0	0	0	1	0
POSTN	0	0	0	0	0	1	0
PPIC	0	0	0	0	0	1	1
PRSS22	0	0	0	0	0	1	1
RBP4	0	0	0	0	1	1	1
RCN1	0	0	0	0	0	1	0
SCPEP1	0	0	0	0	0	1	0
SDF4	0	0	0	0	1	1	1
SDS	0	0	0	0	0	1	0
SERPIND1	0	0	0	0	0	1	0
SERPINF1	0	0	0	0	0	1	1
SERPINF2	0	0	0	0	1	1	1
SERPING1	0	0	0	0	1	1	1
SERPINI1	0	0	0	0	0	1	0
SFRP1	0	0	0	0	0	1	1
SMOC1	0	0	0	0	0	1	0
SOD2	0	0	0	0	0	1	0
SPARC	0	0	0	0	0	1	0
SPARCL1	0	0	0	0	0	1	1
ST6GAL1	0	0	0	0	1	1	0
STXBP5	0	0	0	0	0	1	0
SUPT4H1	0	0	0	0	0	1	0
THBS2	0	0	0	0	0	1	0
TIE1	0	0	0	0	0	1	1
TMEM132A	0	0	0	0	0	1	0
TPP1	0	0	0	0	1	1	0
UBTF	0	0	0	0	0	1	0
USP42	0	0	0	0	0	1	0
XYLT1	0	0	0	0	0	1	1
ZNF184	0	0	0	0	0	1	0
ACLY	0	0	0	0	0	0	1
ADGRG1	0	0	0	0	0	0	1
AGP	0	0	0	0	0	0	1
C19H17orf80	0	0	0	0	0	0	1
C1RL	0	0	0	0	0	0	1
CCDC102B	0	0	0	0	0	0	1
CCDC71	0	0	0	0	0	0	1
CDC5L	0	0	0	0	1	0	1
CELA1	0	0	0	0	0	0	1
COL4A1	0	0	0	0	0	0	1
CPZ	0	0	0	0	0	0	1
CRP	0	0	0	0	0	0	1
CTBS	0	0	0	0	0	0	1
DDAH2	0	0	0	0	0	0	1
DLEC1	0	0	0	0	0	0	1
DMRT2	0	0	0	0	0	0	1
DOCK10	0	0	0	0	0	0	1
DRB3	0	0	0	0	0	0	1
EHD2	0	0	0	0	0	0	1
EMILIN2	0	0	0	0	0	0	1
EPHA7	0	0	0	0	1	0	1
FARP1	0	0	0	0	0	0	1
FSIP2	0	0	0	0	0	0	1
GALNS	0	0	0	0	0	0	1
GALNT16	0	0	0	0	0	0	1
GBA	0	0	0	0	0	0	1
GLB1	0	0	0	0	0	0	1
GLB1L	0	0	0	0	0	0	1
GNA15	0	0	0	0	0	0	1
GSAP	0	0	0	0	0	0	1
LAMA4	0	0	0	0	0	0	1
LOC102168967	0	0	0	0	0	0	1
LOC102169641	0	0	0	0	0	0	1
LOC102170282	0	0	0	0	0	0	1
LOC102170693	0	0	0	0	0	0	1
LOC102174895	0	0	0	0	0	0	1
LOC102175560	0	0	0	0	0	0	1
LOC102176354	0	0	0	0	0	0	1
LOC102176691	0	0	0	0	0	0	1
LOC102176997	0	0	0	0	0	0	1
LOC102178324	0	0	0	0	0	0	1
LOC102189753	0	0	0	0	0	0	1
LOC108637378	0	0	0	0	0	0	1
LRRC18	0	0	0	0	0	0	1
LTN1	0	0	0	0	0	0	1
LYNX1	0	0	0	0	0	0	1
MATN3	0	0	0	0	0	0	1
MBTPS1	0	0	0	0	0	0	1
MYH11	0	0	0	0	0	0	1
NARS1	0	0	0	0	0	0	1
PCSK6	0	0	0	0	0	0	1
PDIA2	0	0	0	0	0	0	1
PGK2	0	0	0	0	0	0	1
PIANP	0	0	0	0	0	0	1
PLTP	0	0	0	0	0	0	1
PPT1	0	0	0	0	0	0	1
PRKAR1A	0	0	0	0	0	0	1
RFC1	0	0	0	0	0	0	1
RIN3	0	0	0	0	0	0	1
RNASE12	0	0	0	0	0	0	1
RTN4RL1	0	0	0	0	0	0	1
SEMA3G	0	0	0	0	0	0	1
SGSH	0	0	0	0	1	0	1
SIAE	0	0	0	0	0	0	1
SLC14A2	0	0	0	0	0	0	1
SLC6A1	0	0	0	0	0	0	1
SOD3	0	0	0	0	0	0	1
SRPX2	0	0	0	0	0	0	1
SUMF2	0	0	0	0	0	0	1
TBC1D32	0	0	0	0	0	0	1
TGS1	0	0	0	0	0	0	1
WNT5A	0	0	0	0	0	0	1
hip2	0	0	0	0	0	0	1
AKR1E2	0	0	0	0	1	0	0
CCN2	0	0	0	0	1	0	0
CST6	0	0	0	0	1	0	0
IGFBP5	0	0	0	0	1	0	0
KATNAL2	0	0	0	0	1	0	0
KIAA0100	0	0	0	0	1	0	0
LAMC1	0	0	0	0	1	0	0
SERPINA4	0	0	0	0	1	0	0
TGFB2	0	0	0	0	1	0	0
